Last Backup Date,Profile,Device ID,User Status,User ID,Last Connected,Device Status
2019/02/24 23:37,GD TC,788294,Active,668101,2019/02/24 23:36,Enabled
2019/03/11 23:57,GD TC,2657636,Active,2017842,2019/03/11 23:53,Enabled
2018/09/17 10:45,GD TC,1540032,Active,235539,2018/09/17 10:29,Enabled
2018/09/17 17:49,GD TC,918217,Active,243427,2018/09/17 17:41,Enabled
2017/08/14 18:48,GD TC,917064,Active,237429,-,Enabled
2019/09/27 06:46,GD TC,1159755,Active,604066,2019/09/27 14:46,Enabled
2019/12/18 07:52,GD TC,1299270,Active,999607,2019/12/18 15:53,Enabled
2019/12/18 13:46,GD TC,918467,Active,246074,2019/12/18 13:33,Enabled
2019/10/11 13:25,GD TC,3391338,Active,2539632,2019/10/11 13:10,Enabled
2017/08/14 18:45,GD TC,916567,Active,236257,-,Enabled
2017/08/14 19:30,GD TC,917168,Active,748398,-,Enabled
2019/02/14 10:32,GD TC,1881415,Active,237662,2019/02/14 09:48,Enabled
2017/08/14 19:22,GD TC,980292,Active,519311,2017/06/21 18:18,Enabled
2019/08/29 16:56,GD TC,3339956,Active,2509523,2019/08/30 00:56,Enabled
2019/09/20 06:50,GD TC,3391477,Active,2539665,2019/09/20 06:45,Enabled
2019/09/20 14:39,GD TC,3389392,Active,2538101,2019/09/20 14:29,Enabled
2019/08/29 22:08,GD TC,3274587,Active,2476147,2019/08/30 13:30,Enabled
2019/09/18 23:32,GD TC,3431493,Active,2562023,2019/09/24 13:46,Enabled
2019/09/20 14:14,GD TC,3391116,Active,2539540,2019/09/20 14:04,Enabled
2019/11/18 23:43,GD TC,3391267,Active,2539596,2019/11/18 23:26,Enabled
2019/10/11 13:05,GD TC,3391100,Active,2539532,2019/10/11 12:58,Enabled
2019/10/04 13:02,GD TC,3399547,Active,2544136,2019/11/16 17:21,Enabled
2019/10/22 15:13,GD TC,3343174,Active,2511330,2019/10/22 14:56,Enabled
2019/09/11 01:15,GD TC,3276271,Active,2476814,2019/09/11 01:05,Enabled
2019/09/04 07:10,GD TC,3343156,Active,2511323,2019/09/04 15:10,Enabled
2019/09/09 14:35,GD TC,3345186,Active,2512713,2019/09/09 14:07,Enabled
2019/11/21 15:23,GD TC,3434353,Active,2538101,2019/11/21 15:07,Enabled
2019/09/25 13:50,GD TC,3391534,Active,2539679,2019/09/25 13:35,Enabled
2019/11/22 17:41,GD TC,3343186,Active,2511333,2019/11/22 17:01,Enabled
2019/11/11 15:50,GD TC,3390780,Active,2539380,2019/11/11 15:25,Enabled
2020/01/13 16:34,GD TC,2111479,Active,1747665,2020/01/13 16:16,Enabled
2020/02/06 15:37,GD TC,2002967,Active,991925,2020/02/06 22:05,Enabled
2020/01/31 16:00,GD TC,2264932,Active,1833851,2020/01/31 16:00,Enabled
2017/03/21 17:14,GD TC,254921,Active,237197,-,Enabled
2019/02/07 16:31,GD TC,275591,Active,245294,2019/02/07 16:26,Enabled
2017/08/14 18:45,GD TC,242791,Active,232837,-,Enabled
2019/07/02 03:22,GD TC,270340,Active,242891,2019/07/02 03:22,Enabled
2019/11/27 23:30,GD TC,258341,Active,238210,2019/11/27 23:29,Enabled
2019/08/07 17:23,GD TC,496191,Active,443970,2020/02/06 04:14,Enabled
2019/01/22 23:23,GD TC,546050,Active,511411,2019/05/18 18:18,Enabled
2019/01/24 21:39,GD TC,254863,Active,237145,2019/01/24 21:39,Enabled
2019/01/15 19:53,GD TC,273674,Active,245727,2019/01/15 19:51,Enabled
2019/06/05 16:36,GD TC,269198,Active,242390,2019/06/05 16:36,Enabled
2019/01/03 01:27,GD TC,698644,Active,615510,2019/01/03 01:27,Enabled
2019/03/30 12:27,GD TC,199514,Active,177237,2019/03/30 12:25,Enabled
2019/02/08 16:19,GD TC,397057,Active,349973,2019/02/26 16:31,Enabled
2019/01/11 20:25,GD TC,323604,Active,297402,2019/01/16 20:23,Enabled
2019/11/06 00:05,GD TC,266595,Active,177636,2019/11/05 23:54,Enabled
2019/03/11 15:07,GD TC,265439,Active,240505,2019/03/12 14:36,Enabled
2019/09/13 17:46,GD TC,267278,Active,241480,2019/09/13 17:45,Enabled
2019/08/08 22:15,GD TC,689477,Active,609412,2019/08/08 22:15,Enabled
2019/01/22 20:04,GD TC,278346,Active,250030,2019/01/22 17:45,Enabled
2019/04/30 13:23,GD TC,2248930,Active,390043,2019/04/30 13:23,Enabled
2016/07/09 03:04,GD TC,267391,Active,236806,-,Enabled
2017/08/14 18:45,GD TC,617906,Active,236806,2017/08/25 18:09,Enabled
2019/08/20 02:00,GD TC,2556487,Active,1960921,2019/08/20 01:59,Enabled
2019/04/02 00:40,GD TC,554533,Active,518577,2019/04/02 00:39,Enabled
2019/07/30 13:27,GD TC,692503,Active,611054,2019/07/30 13:26,Enabled
2019/10/28 14:22,GD TC,536252,Active,482642,2019/10/28 14:22,Enabled
2019/10/04 22:50,GD TC,802531,Active,676822,2019/10/04 22:49,Enabled
2019/02/01 15:53,GD TC,700657,Active,616962,2019/02/01 15:52,Enabled
2019/12/09 19:29,GD TC,689575,Active,609457,2019/12/09 19:29,Enabled
2019/07/25 17:01,GD TC,689527,Active,284209,2019/08/04 16:40,Enabled
2019/01/15 16:56,GD TC,1825126,Active,245559,2019/01/15 16:55,Enabled
2019/05/01 15:36,GD TC,525385,Active,237720,2019/05/01 15:36,Enabled
2019/09/27 04:57,GD TC,1015054,Active,809130,2019/09/27 04:56,Enabled
2019/11/15 23:28,GD TC,3089331,Active,2380336,2019/11/15 23:28,Enabled
2019/09/20 16:56,GD TC,768327,Active,186710,2019/09/20 16:48,Enabled
2019/03/31 20:22,GD TC,897583,Active,305454,2019/04/17 22:51,Enabled
2019/09/27 16:46,GD TC,698688,Active,474993,2019/09/27 16:43,Enabled
2019/10/17 16:14,GD TC,689566,Active,329419,2019/12/17 18:17,Enabled
2019/08/16 13:59,GD TC,2062437,Active,444327,2019/08/16 10:07,Enabled
2019/05/08 15:53,GD TC,2116669,Active,269200,2019/05/08 15:50,Enabled
2019/01/11 07:44,GD TC,689505,Active,609424,2019/01/14 16:29,Enabled
2019/08/16 18:33,GD TC,689660,Active,609482,2019/08/16 18:31,Enabled
2019/03/25 21:53,GD TC,664702,Active,404406,2019/03/25 21:32,Enabled
2019/08/22 17:12,GD TC,3319205,Active,712749,2019/08/22 16:39,Enabled
2019/07/04 00:48,GD TC,653003,Active,246225,2019/07/04 00:46,Enabled
2019/10/25 13:48,GD TC,2036224,Active,303439,2019/10/25 13:48,Enabled
2019/01/18 17:01,GD TC,689578,Active,307446,2019/01/18 16:53,Enabled
2019/04/17 12:47,GD TC,598324,Active,270605,2019/04/17 12:47,Enabled
2019/03/04 14:31,GD TC,689503,Active,609423,2019/03/04 14:30,Enabled
2019/01/30 04:43,GD TC,814032,Active,683266,2019/01/31 22:15,Enabled
2019/03/28 01:01,GD TC,698973,Active,615796,2019/04/13 04:24,Enabled
2019/01/30 21:08,GD TC,698809,Active,314753,2019/01/30 21:01,Enabled
2020/02/03 18:24,GD TC,989171,Active,790923,2020/02/03 18:22,Enabled
2019/09/10 14:55,GD TC,272828,Active,245231,2019/09/10 14:55,Enabled
2019/06/28 15:32,GD TC,338999,Active,316074,2019/06/28 15:32,Enabled
2019/12/27 19:21,GD TC,1907867,Active,1624746,2019/12/27 19:20,Enabled
2019/12/02 18:09,GD TC,689641,Active,238189,2019/12/02 18:09,Enabled
2019/05/11 02:41,GD TC,275461,Active,245272,2019/05/11 02:39,Enabled
2019/08/29 17:14,GD TC,1751423,Active,1392365,2019/08/30 23:34,Enabled
2019/01/18 18:06,GD TC,859140,Active,709685,2019/01/18 17:48,Enabled
2019/01/18 14:34,GD TC,779205,Active,245292,2019/02/07 17:55,Enabled
2019/05/16 14:15,GD TC,862402,Active,711279,2019/05/16 14:15,Enabled
2019/04/15 00:13,GD TC,595457,Active,245307,2019/04/15 00:12,Enabled
2019/10/02 22:12,GD TC,912414,Active,473107,2019/10/03 23:51,Enabled
2019/07/12 20:26,GD TC,254871,Active,237152,2019/07/12 20:23,Enabled
2019/10/23 21:41,GD TC,1779236,Active,237188,2019/10/23 21:18,Enabled
2019/04/19 16:46,GD TC,698781,Active,615731,2019/05/04 18:47,Enabled
2019/08/03 00:27,GD TC,224178,Active,195040,2019/08/03 00:12,Enabled
2019/04/16 15:09,GD TC,207610,Active,182926,2019/04/16 15:08,Enabled
2019/03/05 16:26,GD TC,882156,Active,245354,2019/03/05 16:25,Enabled
2019/05/14 18:20,GD TC,761972,Active,424983,2019/05/14 18:20,Enabled
2019/07/24 19:23,GD TC,2523050,Active,162031,2019/07/25 16:54,Enabled
2019/11/11 16:55,GD TC,689518,Active,609429,2019/11/11 16:51,Enabled
2019/08/20 23:14,GD TC,592789,Active,388446,2019/08/20 23:09,Enabled
2020/01/30 23:36,GD TC,877226,Active,237197,2020/01/30 23:35,Enabled
2019/02/14 17:38,GD TC,864760,Active,713513,2019/02/14 17:38,Enabled
2019/10/03 19:21,GD TC,276098,Active,245433,2019/10/03 18:24,Enabled
2019/08/14 18:01,GD TC,3283952,Active,245464,2019/08/15 12:51,Enabled
2019/07/17 16:09,GD TC,2247672,Active,1822617,2019/07/17 15:48,Enabled
2019/01/22 21:16,GD TC,2206108,Active,1660859,2019/01/22 21:16,Enabled
2019/08/15 15:20,GD TC,592827,Active,516302,2019/08/15 15:19,Enabled
2019/10/02 21:05,GD TC,575784,Active,536548,2019/10/02 21:05,Enabled
2019/07/17 13:07,GD TC,1926383,Active,1634999,2019/07/17 13:07,Enabled
2017/08/14 19:13,GD TC,908987,Active,303373,-,Enabled
2019/11/06 17:16,GD TC,279896,Active,158739,2019/11/06 17:15,Enabled
2020/02/08 16:10,GD TC,595419,Active,547666,2020/02/08 16:09,Enabled
2019/05/01 16:23,GD TC,698792,Active,615733,2019/05/01 15:53,Enabled
2019/06/06 21:51,GD TC,2110304,Active,1744197,2019/06/06 21:51,Enabled
2019/10/13 19:44,GD TC,269313,Active,242453,2019/10/13 19:42,Enabled
2019/02/18 21:57,GD TC,698826,Active,615741,2019/02/18 21:57,Enabled
2019/10/30 13:25,GD TC,2091392,Active,1734519,2019/10/30 13:23,Enabled
2019/11/26 00:59,GD TC,273712,Active,245620,2019/11/26 00:58,Enabled
2020/02/06 15:07,GD TC,276157,Active,245635,2020/02/07 16:09,Enabled
2019/05/09 22:10,GD TC,596847,Active,318766,2019/05/09 22:09,Enabled
2019/10/03 04:30,GD TC,3492087,Active,425066,2019/10/03 04:26,Enabled
2019/07/03 19:42,GD TC,1837543,Active,707596,2019/07/08 20:05,Enabled
2019/12/09 15:11,GD TC,698621,Active,615497,2019/12/09 15:11,Enabled
2019/04/05 19:24,GD TC,689673,Active,609488,2019/04/05 18:49,Enabled
2019/04/16 11:58,GD TC,277088,Active,245738,2019/04/16 11:50,Enabled
2019/04/26 17:08,GD TC,355941,Active,325691,2019/04/26 17:06,Enabled
2019/07/30 22:48,GD TC,2119895,Active,1752512,2019/07/30 22:40,Enabled
2019/08/14 03:29,GD TC,689611,Active,609468,2019/08/28 16:53,Enabled
2019/02/20 20:24,GD TC,595744,Active,245823,2019/05/22 17:53,Enabled
2019/03/12 16:47,GD TC,2107202,Active,327985,2019/03/12 16:30,Enabled
2019/04/03 15:58,GD TC,419036,Active,379221,2019/04/03 15:55,Enabled
2019/02/04 16:37,GD TC,2042093,Active,1703323,2019/02/04 16:37,Enabled
2019/11/15 19:12,GD TC,502461,Active,448641,2019/11/15 19:06,Enabled
2020/02/12 01:05,GD TC,396615,Active,357129,2020/02/12 01:03,Enabled
2019/04/20 03:40,GD TC,447785,Active,402379,2019/04/20 03:37,Enabled
2019/08/30 22:48,GD TC,698890,Active,382115,2019/08/30 22:48,Enabled
2019/09/04 20:09,GD TC,689689,Active,609492,2019/09/04 20:08,Enabled
2015/04/30 18:54,GD TC,286036,Active,238114,-,Enabled
2015/09/28 16:36,GD TC,289413,Active,237867,-,Enabled
2017/03/13 23:51,GD TC,553402,Active,237867,-,Enabled
2017/10/30 16:39,GD TC,632930,Active,237867,2017/10/31 06:09,Enabled
2016/08/11 17:17,GD TC,257616,Active,237867,-,Enabled
2017/01/30 20:14,GD TC,716816,Active,237700,-,Enabled
2019/01/28 23:13,GD TC,2523764,Active,1936918,2019/01/28 23:13,Enabled
2019/03/27 15:00,GD TC,1831155,Active,232837,2019/03/27 14:58,Enabled
2019/08/16 14:55,GD TC,550431,Active,151581,2019/08/16 14:55,Enabled
2019/03/05 17:17,GD TC,689600,Active,238683,2019/03/05 17:15,Enabled
2019/01/29 15:52,GD TC,315722,Active,201936,2019/01/29 15:52,Enabled
2019/08/07 00:54,GD TC,1783551,Active,200285,2019/08/07 00:53,Enabled
2019/05/10 17:37,GD TC,258312,Active,238189,2019/05/10 17:00,Enabled
2019/04/05 07:55,GD TC,711048,Active,182796,2019/04/05 07:38,Enabled
2020/01/28 20:16,GD TC,169769,Active,154477,2020/01/28 20:13,Enabled
2019/06/18 14:39,GD TC,2292968,Active,165273,2019/06/18 14:39,Enabled
2019/01/10 14:19,GD TC,257811,Active,156893,2019/01/10 13:50,Enabled
2020/02/16 16:37,GD TC,689517,Active,184349,2020/02/16 16:37,Enabled
2019/04/13 21:26,GD TC,2508365,Active,154753,2019/04/13 21:25,Enabled
2019/11/07 16:27,GD TC,254860,Active,237142,2019/11/07 16:25,Enabled
2019/05/20 17:08,GD TC,258277,Active,238164,2019/05/20 17:07,Enabled
2019/08/05 16:53,GD TC,323463,Active,237240,2019/08/05 16:53,Enabled
2019/02/14 04:34,GD TC,485642,Active,152093,2019/02/14 02:35,Enabled
2019/08/21 17:42,GD TC,994260,Active,156141,2019/08/22 15:57,Enabled
2019/03/25 15:07,GD TC,2240642,Active,155563,2019/03/25 14:58,Enabled
2019/12/16 16:11,GD TC,693040,Active,238738,2019/12/16 16:01,Enabled
2019/01/24 16:03,GD TC,689643,Active,190215,2019/01/24 15:53,Enabled
2018/10/22 18:23,GD TC,689759,Active,609526,2018/10/22 15:52,Enabled
2019/02/14 15:48,GD TC,689484,Active,609417,2019/02/14 15:48,Enabled
2019/05/07 14:07,GD TC,679248,Active,239942,2019/08/15 17:57,Enabled
2019/11/15 12:42,GD TC,1612139,Active,242888,2019/11/15 12:42,Enabled
2019/08/23 14:05,GD TC,499686,Active,237591,2019/08/23 14:05,Enabled
2019/10/01 17:00,GD TC,2141282,Active,472997,2019/10/01 17:00,Enabled
2019/01/17 15:05,GD TC,987556,Active,615586,2019/01/17 14:55,Enabled
2020/01/21 19:04,GD TC,1834021,Active,1218019,2020/01/22 16:32,Enabled
2019/10/16 14:36,GD TC,2944882,Active,458645,2019/10/16 14:36,Enabled
2019/09/26 22:47,GD TC,2654149,Active,2016169,2019/09/26 22:47,Enabled
2019/01/29 23:50,GD TC,1323229,Active,1007788,2019/01/29 23:49,Enabled
2019/03/09 16:25,GD TC,273577,Active,246457,2019/03/09 22:48,Enabled
2020/01/17 06:12,GD TC,2540814,Active,232891,2020/01/17 06:11,Enabled
2019/06/06 17:49,GD TC,2624363,Active,1997074,2019/06/06 17:44,Enabled
2019/01/07 15:34,GD TC,1959196,Active,155046,2019/01/07 15:30,Enabled
2019/05/08 17:25,GD TC,2691321,Active,1804772,2019/05/08 17:05,Enabled
2020/01/06 17:47,GD TC,2681321,Active,2038410,2020/01/06 17:47,Enabled
2019/07/01 17:42,GD TC,2606856,Active,615741,2019/07/01 16:06,Enabled
2019/11/06 18:37,GD TC,2532717,Active,1942110,2019/11/06 15:06,Enabled
2019/07/15 06:23,GD TC,1793875,Active,520153,2019/07/15 06:23,Enabled
2019/08/23 17:51,GD TC,1228108,Active,154478,2019/08/23 17:17,Enabled
2019/05/15 21:06,GD TC,2062544,Active,1714206,2019/05/15 21:05,Enabled
2019/11/27 16:45,GD TC,2450327,Active,1833789,2019/11/27 16:44,Enabled
2019/01/06 03:01,GD TC,2264794,Active,1833789,2019/01/15 23:46,Enabled
2019/07/02 21:26,GD TC,1908143,Active,609470,2019/07/02 21:22,Enabled
2019/08/21 18:17,GD TC,1738510,Active,245211,2019/08/21 17:26,Enabled
2019/11/06 16:22,GD TC,2624364,Active,1997075,2019/11/06 16:21,Enabled
2019/08/12 16:32,GD TC,3071166,Active,237152,2019/08/12 16:12,Enabled
2019/10/23 17:53,GD TC,3435544,Active,237188,2019/10/23 17:33,Enabled
2019/03/11 07:16,GD TC,1519408,Active,249235,2019/03/11 07:15,Enabled
2020/01/28 12:56,GD TC,2205821,Active,1801479,2020/01/28 12:52,Enabled
2019/03/04 16:34,GD TC,2614020,Active,808984,2019/03/04 16:31,Enabled
2019/11/01 18:14,GD TC,3468706,Active,473107,2019/11/01 18:13,Enabled
2020/02/08 15:10,GD TC,2809166,Active,2132686,2020/02/08 15:10,Enabled
2020/02/06 20:33,GD TC,3986660,Active,154477,2020/02/06 20:32,Enabled
2019/08/01 10:39,GD TC,1344664,Active,242987,2019/08/01 10:19,Enabled
2019/04/09 16:03,GD TC,2197193,Active,1796384,2019/04/09 16:03,Enabled
2019/04/09 17:31,GD TC,254937,Active,237212,2019/04/09 17:15,Enabled
2019/05/10 22:13,GD TC,2854355,Active,2169816,2019/12/10 11:42,Enabled
2020/01/02 16:21,GD TC,2793767,Active,237682,2020/01/02 16:20,Enabled
2019/08/17 21:23,GD TC,1231393,Active,324732,2019/08/17 21:22,Enabled
2019/02/13 17:04,GD TC,328987,Active,303373,2019/02/14 02:00,Enabled
2019/08/29 20:13,GD TC,3074161,Active,1634999,2019/08/29 16:56,Enabled
2017/08/29 16:55,GD TC,1131125,Active,998212,2017/08/29 16:53,Enabled
2019/12/17 16:21,GD TC,2205819,Active,1081881,2019/12/17 16:16,Enabled
2019/10/30 21:19,GD TC,339398,Active,237670,2019/10/30 21:19,Enabled
2019/08/20 13:52,GD TC,3037296,Active,1744197,2019/08/20 13:52,Enabled
2019/12/30 12:15,GD TC,2642006,Active,2008771,2019/12/30 12:14,Enabled
2019/05/15 01:35,GD TC,1223899,Active,1046535,2019/05/15 01:35,Enabled
2020/01/15 17:46,GD TC,1683065,Active,1351621,2020/01/23 19:07,Enabled
2019/03/21 16:50,GD TC,1010450,Active,661476,2019/03/21 16:50,Enabled
2019/02/18 19:45,GD TC,2605475,Active,237199,2019/02/18 19:45,Enabled
2019/09/09 15:37,GD TC,2177877,Active,1786845,2019/09/09 15:36,Enabled
2020/01/23 20:18,GD TC,2631547,Active,2002200,2020/01/23 20:18,Enabled
2019/02/15 17:18,GD TC,1837728,Active,1439219,2019/02/15 17:15,Enabled
2019/06/18 15:33,GD TC,3012179,Active,1724369,2019/06/18 15:32,Enabled
2019/10/21 20:56,GD TC,472007,Active,423284,2019/11/03 01:14,Enabled
2019/02/27 17:16,GD TC,2624827,Active,627642,2019/02/27 21:59,Enabled
2019/07/03 15:25,GD TC,2178256,Active,1786968,2019/07/03 15:25,Enabled
2019/02/12 12:50,GD TC,2140959,Active,609526,2019/02/12 12:49,Enabled
2019/01/22 18:24,GD TC,2532667,Active,237660,2019/01/22 18:24,Enabled
2020/02/06 07:46,GD TC,2554656,Active,1703323,2020/02/06 07:45,Enabled
2019/06/19 20:08,GD TC,2226012,Active,1812693,2019/06/19 20:07,Enabled
2019/05/30 17:16,GD TC,2550782,Active,1953717,2019/05/30 17:15,Enabled
2019/05/20 21:01,GD TC,2193079,Active,1794591,2019/05/20 20:56,Enabled
2019/12/21 00:26,GD TC,2213330,Active,1804772,2019/12/21 00:25,Enabled
2019/12/07 06:01,GD TC,3385482,Active,609492,2019/12/07 06:00,Enabled
2019/12/27 19:53,GD TC,700193,Active,615755,2019/12/27 19:39,Enabled
2015/12/10 16:43,GD TC,258178,Active,238114,-,Enabled
2017/08/14 19:00,GD TC,266704,Active,241009,-,Enabled
2017/08/14 18:59,GD TC,265720,Active,240560,-,Enabled
2014/12/06 17:44,GD TC,204617,Active,180517,-,Enabled
2017/08/14 19:02,GD TC,270583,Active,242993,-,Enabled
2019/03/06 18:47,GD TC,257296,Active,237715,2019/03/06 17:34,Enabled
2016/07/07 17:01,GD TC,275747,Active,238114,-,Enabled
2017/08/14 18:42,GD TC,263886,Active,187526,-,Enabled
2017/08/14 18:37,GD TC,474283,Active,134390,-,Enabled
2016/02/25 15:09,GD TC,259933,Active,238796,-,Enabled
2017/04/27 09:06,GD TC,347572,Active,321842,-,Enabled
2019/12/09 12:59,GD TC,299511,Active,237703,2019/12/09 12:56,Enabled
2019/01/17 19:14,GD TC,2520248,Active,477806,2019/01/17 19:11,Enabled
2017/08/14 18:50,GD TC,257149,Active,237663,-,Enabled
2017/04/26 22:52,GD TC,607012,Active,237650,-,Enabled
2017/08/14 18:50,GD TC,257111,Active,237650,-,Enabled
2019/08/01 17:23,GD TC,515522,Active,238408,2019/08/01 16:52,Enabled
2020/01/28 20:54,GD TC,638750,Active,570991,2020/01/28 20:54,Enabled
2017/08/14 18:37,GD TC,572054,Active,134390,-,Enabled
2017/08/14 18:37,GD TC,147289,Active,134390,-,Enabled
2017/08/14 18:37,GD TC,362497,Active,134390,-,Enabled
2017/08/14 18:37,GD TC,585156,Active,134390,-,Enabled
2020/02/10 18:48,GD TC,645527,Active,245526,2020/02/10 18:29,Enabled
2019/02/21 18:59,GD TC,2616525,Active,1516500,2019/02/21 18:55,Enabled
2017/08/14 18:42,GD TC,208123,Active,183282,-,Enabled
2019/02/18 09:10,GD TC,838870,Active,694028,2019/02/18 08:25,Enabled
2017/10/10 16:12,GD TC,871637,Active,183282,2017/11/02 21:19,Enabled
2018/03/28 14:54,GD TC,257217,Active,237683,2018/03/28 23:29,Enabled
2017/04/27 08:09,GD TC,394279,Active,237683,-,Enabled
2019/10/17 15:37,GD TC,645186,Active,577520,2019/10/17 15:28,Enabled
2017/08/14 19:15,GD TC,530622,Active,321842,-,Enabled
2019/04/16 18:03,GD TC,1147776,Active,825894,2019/04/16 16:28,Enabled
2019/12/14 14:00,GD TC,2206370,Active,237341,2019/12/16 04:22,Enabled
2019/11/11 12:48,GD TC,2064548,Active,1689364,2019/11/11 12:47,Enabled
2020/02/12 16:21,GD TC,3998230,Active,3073188,2020/02/12 16:07,Enabled
2019/02/20 16:25,GD TC,2605063,Active,1985755,2019/02/20 16:14,Enabled
2019/11/13 15:32,GD TC,1874014,Active,1385678,2019/11/14 18:52,Enabled
2019/04/30 17:42,GD TC,2219317,Active,423343,2019/04/30 17:06,Enabled
2019/01/08 22:15,GD TC,2073987,Active,423288,2019/01/08 22:11,Enabled
2019/01/08 15:31,GD TC,2083521,Active,1060782,2019/01/08 15:23,Enabled
2019/01/08 15:42,GD TC,1749747,Active,731804,2019/01/08 15:24,Enabled
2019/12/09 14:37,GD TC,2245201,Active,238449,2019/12/09 14:23,Enabled
2019/08/28 17:21,GD TC,2550528,Active,700136,2019/08/28 17:05,Enabled
2019/07/01 12:59,GD TC,2280512,Active,237763,2019/07/01 12:57,Enabled
2019/07/23 16:23,GD TC,1886814,Active,441390,2019/07/24 16:19,Enabled
2020/01/31 14:57,GD TC,2240767,Active,385312,2020/01/31 14:43,Enabled
2019/12/18 21:54,GD TC,2502870,Active,406398,2019/12/18 21:48,Enabled
2019/11/19 17:53,GD TC,3652536,Active,2177435,2019/11/19 17:51,Enabled
2019/11/25 17:13,GD TC,3450068,Active,245293,2019/11/25 16:44,Enabled
2019/02/11 17:46,GD TC,2585663,Active,237677,2019/02/11 17:38,Enabled
-,GD TC,2572182,Active,237851,2019/02/05 21:45,Enabled
2019/09/19 22:07,GD TC,323395,Active,293516,2019/09/19 21:33,Enabled
2020/01/21 16:55,GD TC,2141335,Active,1764578,2020/01/21 16:32,Enabled
2019/04/25 16:19,GD TC,2884361,Active,747609,2019/04/25 15:51,Enabled
2019/10/25 16:05,GD TC,2212820,Active,237339,2019/10/25 15:46,Enabled
2020/02/04 14:24,GD TC,3965219,Active,3057336,2020/02/04 14:10,Enabled
2019/10/11 13:04,GD TC,3282801,Active,1351631,2019/10/11 12:53,Enabled
2019/11/04 05:45,GD TC,1941060,Active,239123,2019/11/04 05:39,Enabled
2019/12/03 23:26,GD TC,2240416,Active,468990,2019/12/18 14:18,Enabled
2020/01/28 16:05,GD TC,3794232,Active,519311,2020/01/28 15:56,Enabled
2020/01/29 12:00,GD TC,2903814,Active,655466,2020/01/29 11:45,Enabled
2019/09/18 21:48,GD TC,3211369,Active,2449133,2019/09/18 20:54,Enabled
2018/09/26 19:19,GD TC,2051222,Active,239044,2018/09/26 19:15,Enabled
2019/05/24 15:30,GD TC,1571552,Active,747585,2019/05/24 15:02,Enabled
2019/10/03 14:52,GD TC,2925208,Active,2284289,2019/10/03 14:45,Enabled
2019/08/15 17:08,GD TC,3289835,Active,747544,2019/08/15 16:56,Enabled
2019/04/04 16:47,GD TC,899467,Active,735446,2019/04/08 14:58,Enabled
2019/04/03 18:37,GD TC,1036715,Active,243427,2019/04/03 16:25,Enabled
2020/01/30 13:31,GD TC,2957252,Active,1909089,2020/01/30 13:18,Enabled
2020/01/15 16:20,GD TC,2236723,Active,1816908,2020/01/15 16:06,Enabled
2019/06/11 13:45,GD TC,2501972,Active,604066,2019/06/13 13:28,Enabled
2019/01/14 09:58,GD TC,1146786,Active,237407,2019/01/14 17:58,Enabled
2019/11/21 17:39,GD TC,3652400,Active,2177435,2020/02/07 18:48,Enabled
2020/01/30 16:06,GD TC,2216221,Active,326481,2020/01/30 15:37,Enabled
2019/04/25 17:50,GD TC,905217,Active,739096,2019/04/26 17:05,Enabled
2019/07/12 15:44,GD TC,3169882,Active,242628,2019/07/12 15:42,Enabled
2019/08/01 17:12,GD TC,2288302,Active,1845759,2019/08/01 16:41,Enabled
2019/10/25 17:45,GD TC,3471233,Active,2060467,2019/10/25 17:45,Enabled
2019/12/16 15:15,GD TC,2271602,Active,237327,2019/12/16 13:36,Enabled
2019/09/17 12:46,GD TC,1442476,Active,238889,2019/09/17 12:35,Enabled
2019/01/10 13:54,GD TC,1150782,Active,1005841,2019/01/10 12:40,Enabled
2019/08/12 16:08,GD TC,3297692,Active,2486064,2019/08/12 16:05,Enabled
2019/08/26 11:33,GD TC,1646995,Active,702783,2019/08/26 11:11,Enabled
2019/10/17 18:50,GD TC,2218170,Active,1807419,2019/10/18 02:50,Enabled
2019/11/06 22:23,GD TC,2229897,Active,418223,2019/11/06 22:21,Enabled
2017/10/24 13:52,GD TC,1030351,Active,237429,2017/10/26 13:32,Enabled
2019/04/25 15:09,GD TC,2080833,Active,423288,2019/04/25 14:41,Enabled
2020/01/31 15:52,GD TC,916494,Active,435182,2020/02/03 17:43,Enabled
2019/10/03 18:13,GD TC,3495511,Active,2365294,2019/10/03 18:12,Enabled
2019/09/06 14:33,GD TC,1126987,Active,239990,2019/09/06 14:24,Enabled
2019/11/13 15:44,GD TC,3227661,Active,2456063,2019/12/10 11:42,Enabled
2019/07/01 00:07,GD TC,1178491,Active,998078,2019/06/30 23:50,Enabled
2019/10/30 15:39,GD TC,935520,Active,245407,2019/10/30 15:34,Enabled
2019/11/15 17:12,GD TC,225881,Active,196140,2019/11/15 16:17,Enabled
2019/11/22 15:08,GD TC,1102366,Active,319507,2019/11/23 06:35,Enabled
2018/03/26 17:30,GD TC,778953,Active,240554,2018/03/26 17:24,Enabled
2017/01/06 16:56,GD TC,731654,Active,240554,-,Enabled
2019/06/28 00:24,GD TC,679312,Active,603630,2019/06/28 00:18,Enabled
2016/02/28 03:01,GD TC,255684,Active,237332,-,Enabled
2019/08/23 00:21,GD TC,471746,Active,423016,2019/08/23 00:10,Enabled
2018/10/02 21:52,GD TC,645018,Active,237851,2018/10/02 21:51,Enabled
2019/09/20 15:45,GD TC,959198,Active,237330,2019/09/20 15:09,Enabled
2020/01/23 16:50,GD TC,1047342,Active,825894,2020/01/23 16:37,Enabled
2019/01/22 18:06,GD TC,2512045,Active,973808,2019/01/22 17:45,Enabled
2019/08/07 13:00,GD TC,1682682,Active,1351631,2019/08/07 12:31,Enabled
2019/02/19 14:31,GD TC,2166722,Active,237794,2019/02/19 14:16,Enabled
2019/06/04 15:02,GD TC,1122225,Active,993166,2019/06/04 14:28,Enabled
2019/06/04 19:25,GD TC,1498787,Active,242372,2019/06/05 15:59,Enabled
2019/02/11 14:24,GD TC,916355,Active,747650,2019/02/11 14:14,Enabled
2017/10/04 17:15,GD TC,251678,Active,236257,2017/10/04 16:48,Enabled
2020/01/25 02:52,GD TC,1442916,Active,240831,2020/01/25 02:41,Enabled
2020/01/08 17:57,GD TC,1761509,Active,416958,2020/01/08 17:19,Enabled
2019/07/01 15:50,GD TC,2248422,Active,747586,2019/11/14 18:24,Enabled
2019/12/31 18:43,GD TC,2217325,Active,1806778,2019/12/31 16:37,Enabled
2017/08/14 19:01,GD TC,269653,Active,242628,-,Enabled
2019/04/02 19:21,GD TC,590226,Active,242628,2019/04/02 19:04,Enabled
2019/12/19 16:04,GD TC,522836,Active,308228,2019/12/19 15:20,Enabled
2019/02/08 19:19,GD TC,2236322,Active,237763,2019/02/08 18:52,Enabled
2020/01/17 16:52,GD TC,2244198,Active,395686,2020/01/17 16:28,Enabled
2019/08/23 14:41,GD TC,2242638,Active,238742,2019/08/23 14:37,Enabled
2016/06/03 11:46,GD TC,438514,Active,286009,-,Enabled
2019/06/21 16:00,GD TC,1001565,Active,238125,2019/06/21 15:48,Enabled
2020/02/06 16:50,GD TC,470365,Active,422033,2020/02/06 16:48,Enabled
2019/03/28 21:06,GD TC,2460751,Active,1909089,2019/03/28 20:45,Enabled
2019/04/12 14:02,GD TC,1599701,Active,236260,2019/04/17 14:57,Enabled
2020/01/07 21:09,GD TC,3118954,Active,603630,2020/01/07 21:00,Enabled
2019/08/12 21:06,GD TC,3298618,Active,2378664,2019/08/12 21:03,Enabled
2020/01/15 10:54,GD TC,1119395,Active,991856,2020/01/15 10:39,Enabled
2019/04/09 05:07,GD TC,264794,Active,240388,2019/04/18 16:44,Enabled
2020/01/03 14:41,GD TC,3468177,Active,2346074,2020/01/03 14:21,Enabled
2019/10/23 15:11,GD TC,1911985,Active,474729,2019/10/23 15:03,Enabled
2019/09/12 17:16,GD TC,883644,Active,724777,2019/12/10 11:42,Enabled
2019/01/07 16:33,GD TC,306520,Active,281996,2019/01/07 15:59,Enabled
2019/02/11 17:19,GD TC,2229282,Active,237851,2019/02/11 16:51,Enabled
2019/01/11 13:36,GD TC,679978,Active,604066,2019/01/11 13:25,Enabled
2016/02/24 15:04,GD TC,256194,Active,237429,-,Enabled
2017/04/28 21:14,GD TC,583365,Active,237429,-,Enabled
2020/01/30 10:40,GD TC,2248656,Active,747687,2020/01/30 09:58,Enabled
2019/06/04 14:02,GD TC,2858849,Active,761946,2019/06/04 13:55,Enabled
2019/03/28 15:09,GD TC,2598182,Active,1981547,2019/03/31 17:07,Enabled
2019/12/19 15:59,GD TC,1101958,Active,985308,2019/12/19 15:42,Enabled
2019/07/05 12:12,GD TC,1889090,Active,659543,2019/07/05 12:02,Enabled
2019/07/29 14:51,GD TC,1664655,Active,673897,2019/07/29 14:46,Enabled
2019/03/11 04:01,GD TC,1594179,Active,615503,2019/03/11 12:01,Enabled
2019/02/11 17:17,GD TC,1700331,Active,657011,2019/02/11 16:25,Enabled
2019/03/01 16:36,GD TC,2053420,Active,424540,2019/03/27 15:59,Enabled
2019/06/28 20:58,GD TC,256929,Active,237610,2019/06/28 18:32,Enabled
2019/02/05 18:57,GD TC,977175,Active,382992,2019/02/05 18:35,Enabled
2019/11/11 15:44,GD TC,832033,Active,674090,2019/11/11 14:51,Enabled
2019/11/22 04:58,GD TC,2284474,Active,237856,2019/12/23 18:24,Enabled
2019/03/25 16:18,GD TC,463671,Active,238921,2019/03/25 16:05,Enabled
2019/10/01 16:52,GD TC,3359932,Active,674057,2019/10/01 16:51,Enabled
2019/07/26 16:20,GD TC,2780519,Active,2110160,2019/07/26 16:00,Enabled
2019/12/30 16:02,GD TC,1871636,Active,996577,2019/12/30 16:02,Enabled
2019/11/19 19:53,GD TC,1275936,Active,196059,2019/11/19 17:05,Enabled
2019/02/16 22:21,GD TC,2597631,Active,1981291,2019/02/16 21:47,Enabled
2019/01/16 21:29,GD TC,2478719,Active,1916619,2019/11/20 12:04,Enabled
2019/12/27 16:13,GD TC,1878423,Active,393874,2019/12/27 16:08,Enabled
2017/08/14 18:48,GD TC,255836,Active,237341,-,Enabled
2015/11/19 21:56,GD TC,260001,Active,237341,-,Enabled
2018/11/16 16:52,GD TC,410791,Active,237341,2018/11/16 16:15,Enabled
2019/09/27 15:25,GD TC,3036407,Active,2346074,2019/09/27 15:05,Enabled
2020/01/09 14:32,GD TC,620883,Active,238062,2020/01/09 14:24,Enabled
2019/03/12 16:26,GD TC,917811,Active,747544,2019/03/12 16:24,Enabled
2019/01/08 04:51,GD TC,394245,Active,237781,2019/01/08 03:40,Enabled
2019/01/11 15:27,GD TC,989525,Active,746186,2019/01/11 15:08,Enabled
2018/11/30 14:21,GD TC,251110,Active,235539,2018/11/30 14:15,Enabled
2019/12/18 10:35,GD TC,806141,Active,240595,2019/12/18 10:28,Enabled
2019/04/17 14:18,GD TC,2564381,Active,243427,2019/05/06 17:04,Enabled
2019/04/17 14:19,GD TC,1114245,Active,237836,2019/05/06 17:04,Enabled
2019/04/17 13:43,GD TC,2851570,Active,1909089,2019/05/06 17:04,Enabled
2019/04/18 14:09,GD TC,1193518,Active,761946,2019/04/18 13:43,Enabled
2019/08/13 16:57,GD TC,2450257,Active,237335,2019/08/13 16:18,Enabled
2018/04/20 14:48,GD TC,263149,Active,239973,2018/04/20 20:23,Enabled
2017/01/19 17:04,GD TC,432949,Active,239973,-,Enabled
2016/01/06 07:03,GD TC,429180,Active,239973,-,Enabled
2018/11/26 14:39,GD TC,207480,Active,182804,2018/11/26 14:24,Enabled
2019/09/18 17:24,GD TC,3409803,Active,590881,2019/09/18 17:16,Enabled
2019/08/29 16:00,GD TC,2559600,Active,237275,2019/08/29 15:53,Enabled
2019/11/25 22:38,GD TC,1331479,Active,1124834,2019/11/25 22:30,Enabled
2019/04/27 14:08,GD TC,770054,Active,655466,2019/04/28 00:53,Enabled
2015/03/18 21:40,GD TC,260062,Active,238879,-,Enabled
2018/11/29 22:42,GD TC,263683,Active,238879,2018/11/29 22:40,Enabled
2018/09/30 19:07,GD TC,260678,Active,239044,2018/10/02 14:24,Enabled
2019/09/05 04:16,GD TC,848244,Active,702719,2019/09/05 03:30,Enabled
2019/07/02 17:03,GD TC,1725432,Active,1373373,2019/07/02 16:38,Enabled
2016/02/24 20:28,GD TC,271259,Active,243427,-,Enabled
2019/05/21 11:34,GD TC,1007765,Active,683526,2019/05/21 10:52,Enabled
2019/07/22 17:37,GD TC,980000,Active,561038,2019/07/22 17:03,Enabled
2018/02/26 22:34,GD TC,712557,Active,273233,2018/02/27 14:07,Enabled
2019/10/22 16:00,GD TC,983331,Active,477048,2019/10/22 15:51,Enabled
2019/10/15 00:11,GD TC,893652,Active,379356,2019/10/15 15:37,Enabled
2017/08/14 18:48,GD TC,255643,Active,237330,-,Enabled
2019/10/14 09:42,GD TC,430077,Active,384557,2019/10/14 09:25,Enabled
2015/11/06 08:16,GD TC,401641,Active,286009,-,Enabled
2016/06/10 22:54,GD TC,419217,Active,286009,-,Enabled
2018/09/17 20:16,GD TC,856511,Active,708058,2018/09/17 19:18,Enabled
2018/07/24 08:43,GD TC,1375705,Active,237332,2018/07/24 08:20,Enabled
2017/09/18 16:03,GD TC,763376,Active,238796,2017/09/22 16:29,Enabled
2020/01/14 13:58,GD TC,812609,Active,237611,2020/01/14 13:43,Enabled
2020/01/14 13:43,GD TC,830668,Active,693726,2020/01/14 13:22,Enabled
2017/08/14 19:26,GD TC,789023,Active,659543,-,Enabled
2017/08/14 19:26,GD TC,776161,Active,659543,-,Enabled
2018/07/06 12:49,GD TC,790159,Active,659543,2018/07/06 17:03,Enabled
2016/02/25 04:09,GD TC,313089,Active,286009,-,Enabled
2017/08/14 19:16,GD TC,419144,Active,379345,-,Enabled
2016/02/24 22:49,GD TC,257577,Active,237851,-,Enabled
2016/07/09 02:40,GD TC,575520,Active,286009,-,Enabled
2017/08/14 18:59,GD TC,407727,Active,240560,-,Enabled
2017/08/21 16:27,GD TC,639262,Active,407644,2017/08/21 15:52,Enabled
2017/04/26 22:20,GD TC,767616,Active,182804,2018/02/15 12:30,Enabled
2017/08/14 18:43,GD TC,216225,Active,188513,-,Enabled
2019/12/17 16:54,GD TC,671959,Active,238625,2019/12/17 16:38,Enabled
2019/05/14 16:08,GD TC,573293,Active,535032,2019/05/15 18:29,Enabled
2017/08/14 19:11,GD TC,297818,Active,273233,-,Enabled
2019/05/23 18:07,GD TC,650908,Active,238861,2019/05/23 18:06,Enabled
2016/05/03 15:19,GD TC,335226,Active,308228,-,Enabled
2019/05/16 19:10,GD TC,600117,Active,205013,2019/05/16 18:13,Enabled
2019/02/19 17:22,GD TC,2209104,Active,1802988,2019/05/08 13:24,Enabled
2019/09/12 18:59,GD TC,1007318,Active,803773,2019/09/12 18:44,Enabled
2019/10/25 17:50,GD TC,673031,Active,240184,2019/10/25 15:21,Enabled
2020/01/14 20:01,GD TC,2208854,Active,1802807,2020/01/14 20:00,Enabled
2019/10/07 23:12,GD TC,756372,Active,602430,2019/10/07 23:04,Enabled
2019/03/19 10:32,GD TC,915845,Active,467942,2019/03/22 02:54,Enabled
2016/03/16 15:56,GD TC,322755,Active,284703,-,Enabled
2019/03/04 16:47,GD TC,860964,Active,710556,2019/03/04 15:56,Enabled
2019/06/07 23:14,GD TC,916588,Active,245758,2019/06/07 23:00,Enabled
2017/08/14 19:22,GD TC,555856,Active,519311,-,Enabled
2019/06/07 14:26,GD TC,790165,Active,244539,2019/06/09 19:19,Enabled
2019/10/22 19:20,GD TC,680563,Active,239362,2019/10/22 19:16,Enabled
2019/02/18 14:37,GD TC,916706,Active,245888,2019/02/18 13:30,Enabled
2019/04/29 15:45,GD TC,1235510,Active,352191,2019/04/29 15:18,Enabled
2019/04/29 15:45,GD TC,1900449,Active,327988,2019/04/29 15:18,Enabled
2019/01/07 03:00,GD TC,1001739,Active,745956,2019/01/07 02:07,Enabled
2019/08/02 19:05,GD TC,566746,Active,237173,2019/08/04 16:30,Enabled
2019/06/14 16:32,GD TC,1015167,Active,809206,2019/06/14 16:20,Enabled
2019/07/02 23:01,GD TC,488273,Active,437558,2019/08/09 06:44,Enabled
2019/07/31 23:03,GD TC,847638,Active,702400,2019/08/02 16:18,Enabled
2019/05/14 15:22,GD TC,274487,Active,247400,2019/05/14 13:51,Enabled
2019/01/23 18:30,GD TC,643980,Active,238219,2019/01/23 18:09,Enabled
2019/10/21 17:40,GD TC,675701,Active,246226,2019/10/21 17:16,Enabled
2019/03/12 17:44,GD TC,501402,Active,448053,2019/03/12 17:33,Enabled
2018/02/14 15:10,GD TC,663809,Active,241009,2018/02/14 14:39,Enabled
-,GD TC,514000,Active,238114,-,Enabled
2017/11/09 18:38,GD TC,1318963,Active,241009,2017/11/17 15:29,Enabled
2019/03/29 15:53,GD TC,276942,Active,245293,2019/03/29 15:47,Enabled
2019/01/18 14:11,GD TC,735867,Active,636014,2019/02/19 13:01,Enabled
2019/01/24 00:49,GD TC,885129,Active,662162,2019/01/28 01:09,Enabled
2019/02/27 21:21,GD TC,587723,Active,154836,2019/02/27 20:51,Enabled
2019/10/08 11:15,GD TC,847897,Active,589516,2019/10/10 21:25,Enabled
2019/03/13 22:46,GD TC,808413,Active,156152,2019/03/13 22:19,Enabled
2019/05/06 19:05,GD TC,669410,Active,245416,2019/05/06 18:27,Enabled
2019/10/09 19:44,GD TC,655301,Active,589523,2019/10/09 19:05,Enabled
2019/10/09 17:09,GD TC,813110,Active,682865,2019/10/09 16:39,Enabled
2018/08/15 16:16,GD TC,327068,Active,302044,2018/08/15 23:00,Enabled
2019/07/11 17:34,GD TC,888597,Active,726304,2019/07/11 16:04,Enabled
2017/04/27 14:28,GD TC,483821,Active,433643,-,Enabled
2019/09/01 20:08,GD TC,3068987,Active,2370198,2019/09/01 19:39,Enabled
2020/01/03 08:09,GD TC,521641,Active,468066,2020/01/03 16:09,Enabled
2020/01/13 16:41,GD TC,1041549,Active,245882,2020/01/13 16:20,Enabled
2017/08/14 19:02,GD TC,324833,Active,242993,-,Enabled
2017/08/14 19:02,GD TC,426787,Active,242993,-,Enabled
2017/04/27 05:25,GD TC,471279,Active,242993,-,Enabled
2019/03/13 15:31,GD TC,901141,Active,237935,2019/03/13 15:12,Enabled
2019/08/26 01:26,GD TC,783837,Active,663778,2019/08/26 01:26,Enabled
2019/06/26 08:27,GD TC,1367919,Active,663778,2019/06/26 07:27,Enabled
2019/03/17 11:29,GD TC,859244,Active,637334,2019/04/12 22:18,Enabled
2016/02/24 15:48,GD TC,257105,Active,237648,-,Enabled
2019/10/09 13:45,GD TC,704909,Active,237648,2019/10/09 13:16,Enabled
2019/03/03 05:56,GD TC,341584,Active,245929,2019/03/03 05:21,Enabled
2016/04/21 17:38,GD TC,421384,Active,238114,-,Enabled
2016/11/08 20:51,GD TC,517343,Active,236806,-,Enabled
2017/04/27 23:56,GD TC,519350,Active,238114,-,Enabled
2016/01/29 18:42,GD TC,279882,Active,245514,-,Enabled
2017/04/26 17:57,GD TC,458361,Active,245514,-,Enabled
2016/02/24 23:33,GD TC,229934,Active,199177,2018/02/18 13:56,Enabled
2018/10/22 04:03,GD TC,297975,Active,180517,2018/10/22 02:10,Enabled
2016/07/09 03:08,GD TC,431889,Active,180517,-,Enabled
2015/12/18 17:23,GD TC,424845,Active,180517,-,Enabled
2017/08/14 18:59,GD TC,265680,Active,240549,2017/10/12 11:42,Enabled
2018/05/09 00:41,GD TC,804696,Active,240549,2018/05/13 22:38,Enabled
2019/04/25 17:08,GD TC,877348,Active,421646,2019/04/25 16:28,Enabled
2019/12/20 18:11,GD TC,691315,Active,421646,2019/12/20 18:11,Enabled
2019/08/02 07:51,GD TC,881022,Active,723125,2019/08/02 07:51,Enabled
2019/08/16 07:34,GD TC,513133,Active,458645,2019/08/16 07:31,Enabled
2019/10/30 13:53,GD TC,1045563,Active,371543,2019/10/30 13:06,Enabled
2019/10/30 12:09,GD TC,2547616,Active,1104350,2019/10/30 11:22,Enabled
2019/10/30 14:27,GD TC,1111207,Active,237935,2019/10/30 14:02,Enabled
2019/10/30 13:27,GD TC,2773462,Active,1216132,2019/10/30 12:40,Enabled
2020/01/21 16:28,GD TC,609985,Active,249241,2020/01/21 16:03,Enabled
2019/05/06 00:24,GD TC,316997,Active,237975,2019/05/06 00:23,Enabled
2019/05/06 01:35,GD TC,755695,Active,320773,2019/05/06 01:24,Enabled
2019/10/04 14:09,GD TC,169493,Active,154353,2019/10/04 14:04,Enabled
2020/01/14 17:09,GD TC,1003533,Active,800139,2020/01/17 21:25,Enabled
2019/01/13 22:24,GD TC,1663860,Active,1340953,2019/01/14 07:38,Enabled
2019/06/13 16:15,GD TC,761028,Active,159405,2019/06/13 15:30,Enabled
2019/07/31 10:31,GD TC,2624315,Active,149543,2019/07/31 09:41,Enabled
2017/08/14 19:19,GD TC,478567,Active,426871,-,Enabled
2019/07/24 10:39,GD TC,317771,Active,163741,2019/07/24 10:19,Enabled
2019/12/31 16:03,GD TC,1492614,Active,151584,2019/12/31 15:25,Enabled
2019/05/07 17:18,GD TC,650615,Active,581080,2019/05/07 17:18,Enabled
2019/09/26 15:29,GD TC,860403,Active,239438,2019/11/01 10:43,Enabled
2019/01/29 21:57,GD TC,916586,Active,237704,2019/01/29 21:56,Enabled
2019/09/03 19:07,GD TC,3283693,Active,238839,2019/09/03 18:54,Enabled
2020/01/15 19:26,GD TC,1516373,Active,1104350,2020/01/15 18:54,Enabled
2020/01/15 19:26,GD TC,1041829,Active,821740,2020/01/15 18:55,Enabled
2020/01/15 19:24,GD TC,1761968,Active,1340953,2020/01/15 18:53,Enabled
2019/05/13 15:08,GD TC,2032520,Active,1698237,2019/05/13 15:01,Enabled
2019/05/13 15:13,GD TC,320202,Active,237620,2019/05/13 15:01,Enabled
2019/05/13 15:06,GD TC,320211,Active,237278,2019/05/13 15:01,Enabled
2019/05/13 15:15,GD TC,267510,Active,240610,2019/05/13 15:02,Enabled
2019/10/12 08:30,GD TC,856490,Active,455850,2019/10/12 08:03,Enabled
2020/01/23 12:36,GD TC,867305,Active,237405,2020/01/23 12:24,Enabled
2019/01/10 15:55,GD TC,1041735,Active,821740,2019/01/10 15:54,Enabled
2019/07/22 15:47,GD TC,508462,Active,232764,2019/07/24 15:50,Enabled
2020/01/06 15:49,GD TC,1042317,Active,821740,2020/01/07 01:28,Enabled
2020/01/06 15:58,GD TC,995479,Active,201995,2020/01/07 01:28,Enabled
2019/02/07 06:31,GD TC,860437,Active,175059,2019/02/07 14:31,Enabled
2017/08/14 18:54,GD TC,258371,Active,238229,-,Enabled
2017/08/14 19:14,GD TC,783563,Active,306947,-,Enabled
2017/08/14 19:14,GD TC,333823,Active,306947,-,Enabled
2019/10/15 17:18,GD TC,803940,Active,235429,2019/10/15 17:12,Enabled
2016/11/23 20:16,GD TC,314059,Active,237700,-,Enabled
2020/02/03 16:51,GD TC,602143,Active,551922,2020/02/03 16:19,Enabled
2019/06/11 15:03,GD TC,714595,Active,621282,2019/06/11 15:02,Enabled
2019/08/15 14:42,GD TC,699179,Active,615934,2019/08/15 14:24,Enabled
2019/03/15 17:06,GD TC,729795,Active,632020,2019/03/15 16:40,Enabled
2019/05/08 16:48,GD TC,813021,Active,245236,2019/05/09 05:37,Enabled
2020/02/02 18:05,GD TC,576057,Active,245426,2020/02/02 17:33,Enabled
2019/02/07 15:04,GD TC,714493,Active,621248,2019/02/07 14:52,Enabled
2019/01/15 15:34,GD TC,553169,Active,245638,2019/01/15 15:14,Enabled
2019/05/24 16:38,GD TC,773765,Active,657934,2019/05/24 15:39,Enabled
2019/12/05 12:49,GD TC,917722,Active,237287,2019/12/05 12:43,Enabled
2020/01/13 22:34,GD TC,801399,Active,205860,2020/01/13 22:24,Enabled
2019/01/07 05:32,GD TC,686794,Active,607575,2019/01/07 05:07,Enabled
2019/01/03 18:08,GD TC,778429,Active,661047,2019/01/03 16:53,Enabled
2019/10/07 23:29,GD TC,928676,Active,755806,2019/10/07 23:04,Enabled
2019/10/11 09:53,GD TC,1549658,Active,199209,2019/10/14 14:56,Enabled
2019/08/20 12:06,GD TC,3320812,Active,2499341,2019/08/20 12:03,Enabled
2019/07/02 19:00,GD TC,749435,Active,156138,2019/07/02 18:54,Enabled
2019/04/26 21:31,GD TC,2730826,Active,1314621,2019/04/26 21:29,Enabled
2019/04/02 13:43,GD TC,2704769,Active,2056848,2019/04/02 13:37,Enabled
2019/02/21 16:09,GD TC,1845682,Active,1516500,2019/02/21 15:45,Enabled
2019/06/06 03:05,GD TC,3028607,Active,2341664,2019/06/06 02:55,Enabled
2020/01/17 00:09,GD TC,3179955,Active,520153,2020/01/16 23:47,Enabled
2019/08/29 18:38,GD TC,3137394,Active,567817,2019/08/29 18:23,Enabled
2020/02/09 17:29,GD TC,3981408,Active,658192,2020/02/09 17:12,Enabled
2019/03/08 22:17,GD TC,1861416,Active,1523326,2019/03/13 20:42,Enabled
2019/02/05 15:54,GD TC,2110230,Active,1744150,2019/02/05 15:44,Enabled
2020/02/03 07:16,GD TC,3327597,Active,2499341,2020/02/03 15:16,Enabled
2019/10/09 11:41,GD TC,1369585,Active,240922,2019/10/09 11:15,Enabled
2020/01/24 04:09,GD TC,2542917,Active,473757,2020/01/24 04:09,Enabled
2019/11/01 14:20,GD TC,982986,Active,786883,2019/11/01 14:11,Enabled
2019/04/05 17:42,GD TC,1429675,Active,1197385,2019/04/05 13:54,Enabled
2020/02/07 16:33,GD TC,3987149,Active,373429,2020/02/07 16:28,Enabled
2020/01/09 15:22,GD TC,3151570,Active,2411806,2020/01/09 14:48,Enabled
2019/11/03 22:51,GD TC,3438552,Active,2539665,2019/11/03 22:45,Enabled
2019/07/12 12:03,GD TC,1741157,Active,1381328,2019/07/12 11:05,Enabled
2019/08/01 16:17,GD TC,1230271,Active,614204,2019/08/01 15:43,Enabled
2019/09/11 17:41,GD TC,2297839,Active,238467,2019/09/11 16:04,Enabled
2019/01/29 15:09,GD TC,2524696,Active,1698237,2019/01/29 15:08,Enabled
2019/09/26 22:18,GD TC,1938960,Active,279582,2019/09/26 22:16,Enabled
2019/09/26 22:20,GD TC,2163518,Active,1779552,2019/09/26 22:16,Enabled
2019/09/26 22:52,GD TC,1897060,Active,1616862,2019/09/26 22:16,Enabled
2019/09/26 22:17,GD TC,2076795,Active,615740,2019/09/26 22:16,Enabled
2019/09/26 22:21,GD TC,2136956,Active,712749,2019/09/26 22:16,Enabled
2019/09/26 22:52,GD TC,2257596,Active,324512,2019/09/26 22:44,Enabled
2019/09/26 22:18,GD TC,2150382,Active,245873,2019/09/26 22:16,Enabled
2019/09/26 22:57,GD TC,1848567,Active,611224,2019/09/26 22:16,Enabled
2019/06/26 17:48,GD TC,1580278,Active,244440,2019/09/06 19:47,Enabled
2019/05/15 17:15,GD TC,1825192,Active,1431993,2019/05/15 16:39,Enabled
2020/02/04 12:37,GD TC,1042499,Active,657913,2020/02/04 12:23,Enabled
2019/04/18 22:51,GD TC,2125485,Active,1755770,2019/04/24 17:42,Enabled
2019/01/15 19:27,GD TC,1566885,Active,442692,2019/01/15 18:54,Enabled
2019/11/13 05:17,GD TC,1810394,Active,767652,2019/11/13 04:26,Enabled
2019/02/04 19:56,GD TC,2568232,Active,747609,2019/02/04 19:54,Enabled
2019/10/31 15:54,GD TC,2159163,Active,591281,2019/10/31 15:15,Enabled
2019/09/09 12:50,GD TC,3326693,Active,589516,2019/09/09 12:48,Enabled
2019/10/11 17:59,GD TC,2278805,Active,1404023,2019/10/11 17:54,Enabled
2019/04/30 09:46,GD TC,970320,Active,245612,2019/04/30 17:46,Enabled
2020/01/22 15:22,GD TC,2065688,Active,511357,2020/01/22 15:16,Enabled
2019/01/15 03:47,GD TC,927029,Active,754954,2019/01/14 23:54,Enabled
2019/01/22 17:18,GD TC,1415219,Active,1189194,2019/01/22 16:46,Enabled
2019/03/11 13:17,GD TC,1425560,Active,1015784,2019/03/11 12:56,Enabled
2019/06/13 01:25,GD TC,3022120,Active,267112,2019/06/13 01:21,Enabled
2019/09/23 15:26,GD TC,262027,Active,239645,2019/09/23 14:50,Enabled
2019/09/10 16:47,GD TC,987940,Active,320745,2019/09/10 16:33,Enabled
2019/09/10 16:35,GD TC,1408421,Active,254652,2019/09/10 16:33,Enabled
2019/11/18 17:57,GD TC,3269540,Active,614204,2019/11/18 17:49,Enabled
2019/07/15 17:07,GD TC,3178919,Active,1208782,2019/07/15 17:04,Enabled
2019/03/04 14:05,GD TC,2177608,Active,418070,2019/03/04 13:55,Enabled
2019/07/17 08:47,GD TC,3162924,Active,2417907,2019/07/17 08:11,Enabled
2019/04/11 00:06,GD TC,2731565,Active,1298157,2019/04/11 15:34,Enabled
2019/08/22 17:39,GD TC,1538394,Active,718961,2019/08/22 17:28,Enabled
2019/06/11 17:13,GD TC,3045806,Active,1201754,2019/06/11 17:10,Enabled
2019/10/08 18:21,GD TC,980465,Active,247673,2019/10/08 17:41,Enabled
2019/10/04 01:11,GD TC,913354,Active,745956,2019/10/09 20:40,Enabled
2019/09/27 18:06,GD TC,957005,Active,772687,2019/09/30 16:00,Enabled
2019/05/03 18:38,GD TC,1423629,Active,252270,2019/05/03 16:49,Enabled
2019/03/29 16:07,GD TC,1219085,Active,991895,2019/04/02 17:33,Enabled
2019/05/23 17:18,GD TC,2853869,Active,2169541,2019/05/23 17:14,Enabled
2019/03/05 18:19,GD TC,2056301,Active,1711378,2019/03/05 18:02,Enabled
2019/08/28 07:33,GD TC,1673061,Active,1347477,2019/08/28 07:20,Enabled
2019/05/04 21:01,GD TC,2913775,Active,247678,2019/05/06 10:05,Enabled
2020/01/22 18:20,GD TC,2590750,Active,1978657,2020/01/24 23:17,Enabled
2019/01/22 16:09,GD TC,1418874,Active,732796,2019/01/22 16:01,Enabled
2019/01/22 15:31,GD TC,1499269,Active,721813,2019/01/22 15:22,Enabled
2019/01/29 18:09,GD TC,1969949,Active,589526,2019/01/29 18:09,Enabled
2019/01/29 18:09,GD TC,2487961,Active,237442,2019/01/29 18:09,Enabled
2019/05/22 13:19,GD TC,2616925,Active,1989875,2019/05/22 13:16,Enabled
2020/01/28 20:45,GD TC,1334894,Active,242921,2020/01/28 20:34,Enabled
2019/10/03 17:14,GD TC,989279,Active,790977,2019/10/03 17:01,Enabled
2020/02/07 14:52,GD TC,941547,Active,237625,2020/02/07 14:27,Enabled
2019/05/20 11:20,GD TC,1124931,Active,240314,2019/05/20 19:41,Enabled
2019/05/31 14:59,GD TC,1010210,Active,806009,2019/06/03 16:25,Enabled
2019/04/30 20:43,GD TC,2869425,Active,403784,2019/04/30 20:41,Enabled
2019/08/28 14:54,GD TC,3341729,Active,385997,2019/08/28 14:53,Enabled
2019/03/15 14:41,GD TC,1601913,Active,1305249,2019/03/15 14:31,Enabled
2019/07/16 23:42,GD TC,3017593,Active,2336732,2019/07/17 15:15,Enabled
2019/09/12 18:42,GD TC,1661221,Active,238219,2019/09/12 16:54,Enabled
2019/07/24 15:23,GD TC,3216937,Active,2452062,2019/07/24 15:22,Enabled
2020/01/13 15:08,GD TC,1480595,Active,237682,2020/01/13 14:49,Enabled
2019/08/29 17:17,GD TC,1676393,Active,425033,2019/08/29 16:44,Enabled
2019/04/01 16:15,GD TC,2730695,Active,1299790,2019/04/02 15:10,Enabled
2019/08/05 20:10,GD TC,241515,Active,189767,2019/08/05 19:17,Enabled
2019/03/06 21:58,GD TC,1953949,Active,1642333,2019/03/06 21:50,Enabled
2019/11/08 17:56,GD TC,1738155,Active,245765,2019/11/08 16:12,Enabled
2019/04/17 17:51,GD TC,2192943,Active,1794528,2019/04/17 17:30,Enabled
2020/01/06 19:45,GD TC,2192936,Active,1794525,2020/01/06 18:33,Enabled
2019/03/28 21:46,GD TC,1415221,Active,1189195,2019/03/28 21:31,Enabled
2018/01/16 19:49,GD TC,916164,Active,240560,2018/01/16 17:24,Enabled
2019/02/14 00:22,GD TC,2546865,Active,1951627,2019/02/13 23:49,Enabled
2019/02/14 00:11,GD TC,2596320,Active,232837,2019/02/13 23:41,Enabled
2020/02/12 16:13,GD TC,3420181,Active,2554928,2020/02/12 16:02,Enabled
2019/09/09 22:01,GD TC,278949,Active,250497,2019/10/09 22:30,Enabled
2019/06/04 18:55,GD TC,919276,Active,749564,2019/06/04 18:51,Enabled
2020/02/03 18:31,GD TC,3966994,Active,237338,2020/02/03 18:22,Enabled
2018/10/12 16:04,GD TC,1969352,Active,1660860,2018/10/12 15:16,Enabled
2019/08/14 18:33,GD TC,1696753,Active,1358861,2019/11/18 16:35,Enabled
2019/10/17 21:57,GD TC,1646057,Active,615756,2019/10/17 21:48,Enabled
2020/01/24 16:16,GD TC,997609,Active,237662,2020/01/24 15:54,Enabled
2019/12/09 20:54,GD TC,2695035,Active,715723,2019/12/09 19:49,Enabled
2019/04/12 14:15,GD TC,1796696,Active,319387,2019/04/12 13:42,Enabled
2019/09/16 13:03,GD TC,1145349,Active,615315,2019/09/16 12:29,Enabled
2019/05/31 16:59,GD TC,3011337,Active,425033,2019/05/31 16:57,Enabled
2019/12/22 17:01,GD TC,1884273,Active,407223,2020/01/07 15:54,Enabled
2019/11/13 15:09,GD TC,3359810,Active,2476147,2019/11/13 14:52,Enabled
2019/08/22 15:38,GD TC,2284818,Active,747888,2019/08/22 15:25,Enabled
2019/11/06 17:34,GD TC,3211180,Active,2449005,2019/11/06 17:26,Enabled
2019/10/21 22:42,GD TC,169926,Active,154583,2019/10/21 22:31,Enabled
2019/06/14 15:09,GD TC,1541826,Active,199557,2019/06/14 15:02,Enabled
2019/04/16 16:50,GD TC,1086456,Active,441758,2019/08/30 16:11,Enabled
2019/09/26 14:33,GD TC,3459536,Active,2574659,2019/09/26 14:22,Enabled
2019/11/27 16:32,GD TC,1845798,Active,747557,2019/11/27 16:27,Enabled
2019/06/11 21:09,GD TC,1956034,Active,1201754,2019/06/11 20:49,Enabled
2019/02/19 20:07,GD TC,2574641,Active,1970742,2019/02/20 17:12,Enabled
2019/08/05 00:39,GD TC,1001341,Active,710556,2019/08/05 00:38,Enabled
2019/05/31 17:37,GD TC,1899016,Active,734838,2019/05/31 17:34,Enabled
2019/09/06 08:37,GD TC,2131574,Active,1759292,2019/09/06 05:54,Enabled
2020/01/17 15:46,GD TC,3330110,Active,1976580,2020/01/17 15:42,Enabled
2020/01/17 15:45,GD TC,3293830,Active,775454,2020/01/17 15:42,Enabled
2019/12/13 17:05,GD TC,3308363,Active,2492144,2019/12/13 16:48,Enabled
2019/01/29 16:18,GD TC,925110,Active,238883,2019/01/29 14:18,Enabled
2019/07/17 07:55,GD TC,915853,Active,663622,2019/07/31 17:10,Enabled
2019/10/30 00:55,GD TC,3492191,Active,747607,2019/10/29 23:59,Enabled
2019/10/29 23:18,GD TC,3332274,Active,748398,2019/10/29 23:17,Enabled
2019/02/21 17:13,GD TC,2612458,Active,1989875,2019/02/21 15:17,Enabled
2019/01/08 08:57,GD TC,2083052,Active,589526,2019/01/08 08:45,Enabled
2019/11/04 17:32,GD TC,3344260,Active,700136,2019/11/06 02:04,Enabled
2019/08/26 17:04,GD TC,3297538,Active,2486026,2019/08/26 16:50,Enabled
2019/11/30 06:14,GD TC,3385432,Active,238476,2019/11/30 05:57,Enabled
2019/03/08 20:51,GD TC,1907804,Active,1624724,2019/03/08 20:21,Enabled
2019/10/31 11:05,GD TC,3417020,Active,247679,2019/10/31 10:57,Enabled
2019/11/21 15:05,GD TC,1654016,Active,1334830,2019/11/21 14:17,Enabled
2019/04/02 16:00,GD TC,1609806,Active,1310854,2019/04/02 15:43,Enabled
2019/10/11 14:16,GD TC,985109,Active,237602,2019/10/11 14:10,Enabled
2020/01/14 18:14,GD TC,1916677,Active,519339,2020/01/14 18:06,Enabled
2020/01/14 18:08,GD TC,2809960,Active,2133103,2020/01/14 18:06,Enabled
2019/10/03 15:57,GD TC,3471455,Active,2580228,2019/10/03 15:55,Enabled
2019/09/27 15:24,GD TC,1657069,Active,238145,2019/09/30 15:45,Enabled
2019/08/05 16:20,GD TC,1721985,Active,551920,2019/08/05 15:48,Enabled
2019/01/24 06:25,GD TC,976845,Active,373429,2019/01/24 05:40,Enabled
2019/01/24 05:55,GD TC,1098197,Active,734838,2019/01/24 05:33,Enabled
2019/09/03 17:02,GD TC,1078501,Active,965677,2019/09/03 16:33,Enabled
2019/01/10 14:21,GD TC,2463542,Active,1911164,2019/01/10 13:57,Enabled
2020/02/06 17:29,GD TC,3975233,Active,373429,2020/02/06 17:20,Enabled
2020/01/10 13:08,GD TC,3343170,Active,2511328,2020/01/10 13:06,Enabled
2019/05/13 15:44,GD TC,1043291,Active,237620,2019/05/13 15:08,Enabled
2019/10/23 16:51,GD TC,3425449,Active,240529,2019/10/23 16:49,Enabled
2019/01/17 15:41,GD TC,1822773,Active,183282,2019/03/25 04:34,Enabled
2019/07/02 15:17,GD TC,2721784,Active,1981996,2019/07/02 15:11,Enabled
2019/10/08 13:18,GD TC,2183418,Active,622393,2019/10/08 12:53,Enabled
2020/01/07 18:04,GD TC,1124866,Active,980849,2020/01/07 17:59,Enabled
2019/06/24 11:07,GD TC,1582266,Active,1294960,2019/06/24 19:37,Enabled
2019/03/08 17:24,GD TC,2575200,Active,523982,2019/03/08 17:22,Enabled
2019/03/08 17:24,GD TC,1650872,Active,1332525,2019/03/08 17:19,Enabled
2019/06/26 18:33,GD TC,2002194,Active,749528,2019/06/26 17:47,Enabled
2019/06/26 19:09,GD TC,2022322,Active,245344,2019/06/26 17:46,Enabled
2019/06/26 18:31,GD TC,2598878,Active,1981873,2019/06/26 17:45,Enabled
2019/10/21 16:38,GD TC,3055345,Active,747561,2019/10/21 16:35,Enabled
2019/02/05 16:59,GD TC,1938322,Active,1640870,2019/02/05 16:24,Enabled
2019/08/16 17:34,GD TC,2556517,Active,437558,2019/08/16 16:41,Enabled
2020/02/07 14:49,GD TC,1128859,Active,303714,2020/02/07 14:13,Enabled
2020/01/27 15:30,GD TC,1741016,Active,1381285,2020/01/28 04:48,Enabled
2019/02/13 18:38,GD TC,2574579,Active,1970737,2019/02/13 18:27,Enabled
2019/08/21 19:39,GD TC,982138,Active,245706,2019/08/27 14:41,Enabled
2019/09/04 15:56,GD TC,1398740,Active,1179693,2019/09/04 15:47,Enabled
2019/08/02 18:20,GD TC,3170508,Active,1216132,2019/08/02 18:00,Enabled
2019/06/20 14:59,GD TC,2685699,Active,467942,2019/06/20 14:41,Enabled
2019/09/04 12:56,GD TC,1547463,Active,241009,2019/09/04 12:47,Enabled
2019/07/29 16:49,GD TC,1229990,Active,1039820,2019/07/29 14:47,Enabled
2019/11/20 13:20,GD TC,3147871,Active,2389007,2019/11/20 13:03,Enabled
2019/10/28 19:35,GD TC,1614057,Active,303434,2019/10/29 11:54,Enabled
2019/08/20 16:06,GD TC,3269324,Active,2473757,2019/08/20 16:00,Enabled
2019/12/18 03:46,GD TC,2028270,Active,1696112,2019/12/18 02:52,Enabled
2019/12/17 00:18,GD TC,1750192,Active,1390876,2019/12/16 23:55,Enabled
2019/11/14 15:59,GD TC,1940778,Active,1642333,2019/11/15 00:00,Enabled
2019/11/14 16:00,GD TC,2621501,Active,1376929,2019/11/15 00:00,Enabled
2019/11/14 23:59,GD TC,1372996,Active,611452,2019/11/14 23:44,Enabled
2019/11/14 16:00,GD TC,3066194,Active,702719,2019/11/15 00:00,Enabled
2019/11/14 15:59,GD TC,1899131,Active,418070,2019/11/14 23:59,Enabled
2019/11/14 23:34,GD TC,1381790,Active,1015784,2019/11/14 23:18,Enabled
2019/10/15 14:14,GD TC,330616,Active,304384,2019/10/15 22:16,Enabled
2019/02/11 10:22,GD TC,1617082,Active,303434,2019/02/11 09:35,Enabled
2019/07/01 16:43,GD TC,1446659,Active,245637,2019/07/16 16:31,Enabled
2019/10/17 16:26,GD TC,2104142,Active,1656022,2019/10/17 15:54,Enabled
2019/07/08 15:46,GD TC,3137680,Active,589430,2019/07/08 15:31,Enabled
2019/09/17 15:21,GD TC,2061833,Active,240529,2019/09/17 14:46,Enabled
2019/04/26 23:46,GD TC,2772990,Active,2103913,2019/04/26 23:21,Enabled
2019/01/30 17:35,GD TC,1956163,Active,472401,2019/01/30 17:17,Enabled
2019/01/15 04:17,GD TC,2486656,Active,798709,2019/01/15 18:52,Enabled
2019/08/17 01:06,GD TC,2959769,Active,205013,2019/08/26 20:05,Enabled
2019/09/10 20:53,GD TC,2958049,Active,245416,2019/09/10 20:48,Enabled
2019/09/06 15:59,GD TC,3028251,Active,242372,2019/09/06 15:50,Enabled
2020/01/24 17:17,GD TC,1542632,Active,238100,2020/01/25 21:07,Enabled
2019/08/08 17:51,GD TC,3289127,Active,2482409,2019/08/08 17:48,Enabled
2019/10/08 18:45,GD TC,1001886,Active,382682,2019/10/08 17:34,Enabled
2019/04/26 15:48,GD TC,2830505,Active,1314627,2019/04/26 23:49,Enabled
2019/08/26 15:38,GD TC,1886872,Active,722266,2019/08/26 15:16,Enabled
2019/07/29 16:36,GD TC,3200325,Active,1157051,2019/11/19 12:09,Enabled
2019/09/12 16:07,GD TC,3397704,Active,1334806,2019/09/12 16:02,Enabled
2019/11/06 21:05,GD TC,1193185,Active,1030287,2019/11/06 20:57,Enabled
2017/08/14 19:14,GD TC,994014,Active,306947,2017/06/27 21:55,Enabled
2019/08/26 10:52,GD TC,3030030,Active,2342392,2019/08/26 10:35,Enabled
2020/01/13 16:30,GD TC,1210010,Active,1039820,2020/01/13 16:29,Enabled
2019/01/24 09:19,GD TC,1735683,Active,237660,2019/01/24 08:01,Enabled
2019/08/09 16:21,GD TC,2975377,Active,2310042,2019/08/16 10:32,Enabled
2019/12/02 15:08,GD TC,1510028,Active,1240320,2019/12/02 15:07,Enabled
2019/09/26 16:22,GD TC,2681284,Active,2038397,2019/09/26 16:21,Enabled
2019/12/06 17:41,GD TC,526802,Active,284703,2019/12/06 17:24,Enabled
2019/03/09 05:01,GD TC,1732802,Active,1376929,2019/03/09 04:51,Enabled
2019/07/26 14:07,GD TC,1926266,Active,361363,2019/07/26 13:45,Enabled
2019/09/17 18:05,GD TC,1645807,Active,244539,2019/09/17 15:05,Enabled
2019/01/29 20:56,GD TC,1907834,Active,1624734,2019/01/29 20:46,Enabled
2019/10/02 17:04,GD TC,1231966,Active,352191,2019/10/02 17:01,Enabled
2019/08/15 14:39,GD TC,3024473,Active,2339565,2019/08/15 14:34,Enabled
2019/09/13 11:23,GD TC,1518937,Active,371543,2019/09/13 10:33,Enabled
2019/09/09 10:58,GD TC,1653953,Active,1334806,2019/09/09 10:53,Enabled
2019/07/17 16:45,GD TC,3137576,Active,2296308,2019/07/18 21:49,Enabled
2019/11/04 23:03,GD TC,1479069,Active,270878,2019/11/04 23:03,Enabled
2019/10/11 16:51,GD TC,2002277,Active,238229,2019/10/11 16:26,Enabled
2019/10/29 15:58,GD TC,2045400,Active,1705129,2019/10/29 15:43,Enabled
2019/10/03 14:43,GD TC,3475480,Active,2476814,2019/10/03 14:12,Enabled
2019/08/22 16:55,GD TC,2026560,Active,1695275,2019/08/22 16:43,Enabled
2019/02/20 07:00,GD TC,1465588,Active,450468,2019/04/11 08:07,Enabled
-,GD TC,4013673,Active,991925,2020/02/13 18:12,Enabled
2020/01/22 23:35,GD TC,1423751,Active,189930,2020/01/22 22:57,Enabled
2019/12/21 04:11,GD TC,2868227,Active,2177373,2019/12/23 15:40,Enabled
2019/12/21 04:19,GD TC,1347546,Active,452896,2019/12/23 15:40,Enabled
2020/01/03 06:06,GD TC,2830482,Active,1315810,2020/01/03 06:05,Enabled
2019/10/25 10:58,GD TC,2658151,Active,1523326,2019/10/25 10:26,Enabled
2019/08/03 08:47,GD TC,1255520,Active,1046433,2019/08/03 08:16,Enabled
2019/08/03 08:41,GD TC,2918639,Active,240474,2019/08/03 08:10,Enabled
2019/07/15 17:57,GD TC,3179099,Active,2296306,2019/07/16 15:41,Enabled
2019/04/18 15:33,GD TC,909974,Active,241583,2019/04/18 15:18,Enabled
2020/02/12 17:52,GD TC,3998440,Active,2878606,2020/02/12 17:39,Enabled
2019/09/17 18:41,GD TC,3336311,Active,2507803,2019/09/17 18:22,Enabled
2019/09/17 18:23,GD TC,3391951,Active,1839249,2019/09/17 18:22,Enabled
2019/07/10 00:27,GD TC,3083565,Active,611054,2019/07/10 00:15,Enabled
2019/11/25 16:20,GD TC,1083307,Active,238659,2019/12/01 23:45,Enabled
2019/10/03 16:42,GD TC,1975189,Active,1664438,2019/10/03 15:36,Enabled
2019/09/11 15:48,GD TC,901118,Active,242691,2019/09/11 15:44,Enabled
2019/07/25 15:35,GD TC,1849357,Active,1394384,2019/07/25 15:26,Enabled
2019/09/05 18:02,GD TC,2275210,Active,1839249,2019/09/05 17:29,Enabled
2020/01/06 14:22,GD TC,982259,Active,247679,2020/01/06 23:38,Enabled
2019/08/28 17:06,GD TC,1039522,Active,240542,2019/08/28 16:03,Enabled
2020/02/05 18:06,GD TC,3961859,Active,551922,2020/02/05 17:53,Enabled
2019/02/12 18:25,GD TC,2585640,Active,1976684,2019/02/12 17:23,Enabled
2019/04/26 17:14,GD TC,2771656,Active,1314626,2019/04/26 15:46,Enabled
2019/04/26 18:47,GD TC,2091545,Active,1734586,2019/05/22 14:51,Enabled
2019/01/18 14:21,GD TC,2520680,Active,477806,2019/01/18 13:59,Enabled
2019/09/21 00:11,GD TC,2731345,Active,245293,2019/09/23 17:18,Enabled
2019/11/25 16:10,GD TC,2948626,Active,2296279,2019/11/25 15:57,Enabled
2019/10/09 16:03,GD TC,921346,Active,240560,2019/10/09 15:43,Enabled
2019/03/24 21:53,GD TC,2117192,Active,1751001,2019/03/24 21:11,Enabled
2019/02/28 11:07,GD TC,1182931,Active,238162,2019/02/28 10:23,Enabled
2019/04/26 23:32,GD TC,2832584,Active,1256487,2019/04/26 23:16,Enabled
2019/08/08 22:20,GD TC,2512598,Active,798709,2019/08/08 22:04,Enabled
2019/12/18 11:03,GD TC,3469764,Active,2579410,2020/01/21 19:04,Enabled
2020/01/06 22:16,GD TC,1215808,Active,1042810,2020/01/06 21:47,Enabled
2019/12/30 09:00,GD TC,1010392,Active,806101,2019/12/30 17:00,Enabled
2019/09/05 18:01,GD TC,1925665,Active,1634518,2019/09/06 17:44,Enabled
2019/11/26 00:40,GD TC,3320950,Active,2499341,2019/11/26 00:28,Enabled
2019/08/01 17:46,GD TC,1495389,Active,1233328,2019/08/02 18:39,Enabled
2020/01/07 19:58,GD TC,1891674,Active,1611537,2020/01/07 19:58,Enabled
2020/01/13 15:43,GD TC,2158981,Active,715723,2020/01/13 15:30,Enabled
2019/06/29 04:35,GD TC,3079371,Active,1422223,2019/07/11 02:26,Enabled
2019/09/18 13:04,GD TC,3426477,Active,589516,2019/09/18 13:03,Enabled
2019/07/30 16:44,GD TC,1187969,Active,238120,2019/07/30 16:19,Enabled
2019/04/25 14:49,GD TC,1306163,Active,577531,2019/04/25 14:42,Enabled
2019/04/11 12:39,GD TC,1013179,Active,162967,2019/04/11 12:23,Enabled
2019/02/07 22:50,GD TC,957272,Active,675889,2019/02/07 22:50,Enabled
2020/01/03 16:21,GD TC,1758312,Active,567816,2020/01/03 16:13,Enabled
2017/04/26 23:04,GD TC,619068,Active,561038,-,Enabled
2019/12/02 20:03,GD TC,2904072,Active,747683,2019/12/02 20:02,Enabled
2016/02/25 06:09,GD TC,311014,Active,284703,-,Enabled
2019/02/06 01:59,GD TC,304172,Active,280657,2019/02/06 01:57,Enabled
2019/10/24 07:11,GD TC,2675855,Active,1995770,2019/10/24 06:37,Enabled
2019/11/06 07:23,GD TC,3349870,Active,2515150,2019/11/06 07:20,Enabled
2020/01/24 11:23,GD TC,3177123,Active,2265352,2020/01/24 11:08,Enabled
2019/11/29 17:23,GD TC,2622413,Active,1995770,2019/11/29 17:22,Enabled
2019/08/12 07:25,GD TC,2905965,Active,2270567,2019/08/12 07:19,Enabled
2019/07/07 20:07,GD TC,2672459,Active,1995770,2019/07/07 20:01,Enabled
2019/08/01 13:51,GD TC,2898208,Active,2265352,2019/08/01 13:50,Enabled
2019/10/07 15:16,GD TC,3491398,Active,2544639,2019/10/07 14:28,Enabled
2020/02/04 12:08,GD TC,3344188,Active,418223,2020/02/04 11:57,Enabled
2019/08/04 16:43,GD TC,2017363,Active,1310854,2019/08/04 16:35,Enabled
2019/08/04 16:43,GD TC,2166888,Active,1624724,2019/08/04 16:35,Enabled
2019/08/04 16:44,GD TC,1978259,Active,1376929,2019/08/04 16:35,Enabled
2019/07/27 14:13,GD TC,2007214,Active,1523326,2019/07/28 13:49,Enabled
2019/08/04 16:44,GD TC,2006240,Active,1642333,2019/08/04 16:35,Enabled
2019/02/18 18:56,GD TC,254923,Active,237199,2019/02/18 18:47,Enabled
2019/08/01 23:35,GD TC,3029073,Active,1837309,2019/08/01 23:31,Enabled
2017/04/27 20:27,GD TC,916121,Active,245514,-,Enabled
2017/08/14 19:15,GD TC,347574,Active,321842,-,Enabled
2015/04/06 19:07,GD TC,253189,Active,236806,-,Enabled
2019/05/21 07:12,GD TC,2752409,Active,2086021,2019/05/21 07:07,Enabled
2019/01/05 01:14,GD TC,2253834,Active,1826221,2019/01/05 00:17,Enabled
2019/01/05 01:46,GD TC,2128912,Active,163688,2019/01/05 01:00,Enabled
2019/01/05 02:00,GD TC,2122049,Active,240207,2019/01/05 01:38,Enabled
2019/01/05 02:19,GD TC,2193546,Active,1794812,2019/01/05 01:59,Enabled
2019/01/05 01:59,GD TC,2171566,Active,247984,2019/01/05 01:38,Enabled
2019/01/04 23:32,GD TC,2236602,Active,1816848,2019/10/02 10:16,Enabled
2017/08/14 18:57,GD TC,916592,Active,239044,-,Enabled
2019/12/17 16:38,GD TC,1263612,Active,1081881,2019/12/17 16:38,Enabled
2020/01/30 19:36,GD TC,2667836,Active,1703466,2020/01/30 19:35,Enabled
2020/01/28 19:44,GD TC,3311339,Active,2493271,2020/01/28 19:33,Enabled
2019/10/01 22:41,GD TC,689507,Active,609425,2019/10/01 22:29,Enabled
2019/08/06 19:15,GD TC,367902,Active,200285,2019/08/06 17:31,Enabled
2017/08/14 18:42,GD TC,214518,Active,187526,-,Enabled
2019/10/29 07:56,GDX,2228829,Active,250915,2019/10/30 08:24,Enabled
2019/10/11 18:12,GDX,2456919,Active,144236,2019/10/11 18:02,Enabled
2019/02/06 18:39,GDX,160038,Active,144236,2019/02/06 18:37,Enabled
2019/09/19 12:55,GDX,1990294,Active,197404,2019/09/19 12:54,Enabled
2019/07/12 18:23,GDX,3170504,Active,560246,2019/07/12 18:22,Enabled
2019/03/29 17:55,GDX,2203931,Active,250915,2019/03/29 17:54,Enabled
2019/10/25 16:09,GDX,2512155,Active,197404,2019/10/25 15:46,Enabled
2020/02/25 16:51,GDX,3974915,Active,250915,2020/02/25 16:40,Enabled
2019/07/31 07:16,GDX,1926111,Active,142917,2019/07/31 06:20,Enabled
2020/03/05 19:35,GDX,200237,Active,146877,2020/03/06 19:13,Enabled
2019/07/22 15:41,GDX,1539524,Active,197472,2019/07/22 15:06,Enabled
2019/09/06 19:50,GDX,2670210,Active,146877,2019/09/06 19:47,Enabled
2020/04/13 20:39,GDX,4150407,Active,154424,2020/04/13 18:58,Enabled
2019/11/12 06:58,GDX,2579613,Active,142917,2019/11/12 06:44,Enabled
2019/06/18 15:52,GDX,3066415,Active,560246,2019/06/18 15:48,Enabled
2020/04/01 01:02,GDX,3089275,Active,560246,2020/04/01 16:47,Enabled
2019/11/08 17:00,GDX,3185744,Active,560246,2019/11/08 16:12,Enabled
2019/08/29 11:24,GDX,1219552,Active,250915,2019/08/29 11:17,Enabled
2020/02/13 20:19,GDX,1237020,Active,250915,2020/02/13 20:14,Enabled
2019/09/04 15:52,GDX,1840398,Active,197472,2019/09/04 15:43,Enabled
2019/06/28 18:08,GDX,3117688,Active,142916,2019/06/28 18:02,Enabled
2020/02/28 15:18,GDX,2026945,Active,197404,2020/02/28 15:17,Enabled
2019/10/11 18:52,GDX,1224071,Active,250915,2019/10/11 18:50,Enabled
2019/04/09 20:06,GDX,1219553,Active,250915,2019/04/09 20:04,Enabled
2019/11/13 20:48,GDX,2578536,Active,142917,2019/11/13 20:44,Enabled
2020/02/25 19:34,GDX,1219326,Active,250915,2020/02/25 19:20,Enabled
2019/09/23 07:23,GDX,1225659,Active,250915,2019/09/23 06:21,Enabled
2019/06/19 22:08,GDX,3071164,Active,142916,2019/06/19 21:56,Enabled
2020/02/29 16:01,GDX,971026,Active,144236,2020/02/29 15:52,Enabled
2020/03/02 15:08,GDX,2065679,Active,142916,2020/03/02 13:58,Enabled
2019/01/04 23:32,GDX,1916912,Active,197404,2019/01/04 23:29,Enabled
2020/03/20 16:02,GD Dev,4146864,Active,163684,2020/03/20 20:24,Enabled
2020/03/10 19:09,GD Dev,461843,Active,245562,2020/03/10 19:03,Enabled
2019/04/26 00:27,GD Dev,2104512,Active,203221,2019/04/26 00:27,Enabled
2019/08/02 08:32,GD Dev,700515,Active,616500,2019/08/05 20:25,Enabled
2020/01/03 17:15,GD Dev,340798,Active,268765,2020/01/03 17:15,Enabled
2019/01/15 19:24,GD Dev,275498,Active,245721,2019/01/16 23:55,Enabled
2019/06/20 22:51,GD Dev,980025,Active,240234,2019/06/21 14:31,Enabled
2019/11/22 20:48,GD Dev,1366509,Active,240318,2019/11/22 20:46,Enabled
2019/09/16 16:47,GD Dev,368955,Active,240318,2019/09/16 16:26,Enabled
2019/08/07 00:11,GD Dev,284125,Active,242034,2019/08/07 08:11,Enabled
2020/03/20 17:21,GD Dev,4146850,Active,163684,2020/03/20 16:58,Enabled
2020/03/18 22:55,GD Dev,2487896,Active,245562,2020/03/18 22:40,Enabled
-,old GD EMEA,3970578,Active,2747484,2020/02/04 12:53,Enabled
2020/02/12 20:22,GD EMEA-dev,1664978,Active,1243391,2020/02/12 20:21,Enabled
2019/06/05 08:25,GD EMEA-dev,3023169,Active,1813446,2019/06/05 08:17,Enabled
2019/07/07 20:08,GD EMEA-dev,2680455,Active,1243374,2019/07/07 20:02,Enabled
2019/12/19 23:18,GD EMEA-dev,2238238,Active,1243377,2019/12/19 23:18,Enabled
