User ID,Total Usage (MB),User Status,Added On
3204608,0.00,Active,04/15/20 06:20
3204609,12612.96,Active,04/15/20 06:20
3204610,0.00,Active,04/15/20 06:20
3204611,0.00,Active,04/15/20 06:20
3204612,0.00,Active,04/15/20 06:20
3192632,0.00,Active,04/09/20 08:40
3160032,794.19,Active,03/29/20 16:38
3159669,392.97,Active,03/28/20 12:36
3153449,0.00,Active,03/25/20 20:52
3149790,1404.62,Active,03/23/20 17:33
3147681,2093.64,Active,03/20/20 15:20
3142784,3125.78,Active,03/17/20 23:01
3140657,8592.95,Active,03/16/20 16:43
3140424,1576.36,Active,03/16/20 15:33
3140418,2530.83,Active,03/16/20 15:31
3136712,107054.51,Active,03/12/20 21:29
3136311,12783.74,Active,03/12/20 18:03
3134388,305.80,Active,03/11/20 20:42
3134375,401.29,Active,03/11/20 20:07
3133908,4125.58,Active,03/11/20 15:18
3133831,815.56,Active,03/11/20 14:17
3133825,4832.45,Active,03/11/20 14:09
3131313,28900.05,Active,03/09/20 22:10
3127474,8152.38,Active,03/06/20 21:52
3126675,3269.21,Active,03/06/20 15:40
3125640,4918.76,Active,03/06/20 02:34
3125241,67965.29,Active,03/05/20 20:43
3124421,3731.16,Active,03/05/20 13:34
3117924,4200.95,Active,03/02/20 17:23
3117736,2274.47,Active,03/02/20 16:39
3117697,523.11,Active,03/02/20 16:27
3117692,711.26,Active,03/02/20 16:26
3116477,3092.54,Active,03/02/20 09:15
3116365,1548.98,Active,03/02/20 07:58
3115925,742.90,Active,03/01/20 20:29
3114194,461.10,Active,02/29/20 01:27
3104548,18932.50,Active,02/25/20 23:36
3102695,7857.08,Active,02/25/20 09:45
3100472,8678.12,Active,02/24/20 20:31
3100233,6815.74,Active,02/24/20 18:44
3099666,587.97,Active,02/24/20 16:44
3099665,602.80,Active,02/24/20 16:44
3099662,612.56,Active,02/24/20 16:43
3099643,2368.59,Active,02/24/20 16:34
3099569,86196.93,Active,02/24/20 16:00
3096893,19736.64,Active,02/21/20 18:46
3096889,2460.35,Active,02/21/20 18:36
3095766,3127.51,Active,02/21/20 12:20
3094302,4949.36,Active,02/21/20 00:57
3090209,2399.16,Active,02/19/20 09:27
3089951,35579.75,Active,02/19/20 02:58
3088906,3303.47,Active,02/18/20 17:13
3088892,3257.32,Active,02/18/20 17:09
3088416,10243.91,Active,02/18/20 14:16
3086798,2887.05,Active,02/17/20 17:09
3086435,834.14,Active,02/17/20 15:39
3086429,470.11,Active,02/17/20 15:31
3086336,2332.72,Active,02/17/20 15:00
3086244,3203.94,Active,02/17/20 13:37
3084336,2296.48,Active,02/14/20 21:26
3082419,8703.41,Active,02/14/20 17:02
3082232,7077.86,Active,02/14/20 14:18
3082216,4051.16,Active,02/14/20 13:50
3081272,3512.74,Preserved,02/13/20 20:43
3080817,8319.26,Active,02/13/20 16:27
3078283,2568.13,Active,02/12/20 12:25
3077318,27111.36,Active,02/11/20 23:28
3077019,987.57,Active,02/11/20 21:10
3076633,591.57,Active,02/11/20 19:26
3073188,14758.28,Active,02/10/20 20:37
3072420,4458.07,Active,02/10/20 16:57
3070947,5166.93,Active,02/09/20 15:55
3070806,814.42,Active,02/09/20 02:10
3070471,475.74,Active,02/08/20 02:19
3069270,3877.83,Active,02/07/20 10:30
3069248,2893.57,Active,02/07/20 09:52
3068434,2834.99,Active,02/06/20 20:46
3066893,7671.68,Active,02/06/20 10:34
3065163,6643.55,Active,02/05/20 17:58
3064457,8379.01,Active,02/05/20 12:58
3063046,3354.10,Active,02/04/20 19:15
3063038,3270.17,Active,02/04/20 19:09
3058830,1473.60,Active,02/03/20 22:56
3058322,2487.68,Active,02/03/20 18:42
3058224,6898.14,Active,02/03/20 17:47
3058216,2318.94,Active,02/03/20 17:45
3058050,10738.31,Active,02/03/20 17:03
3057961,2769.77,Active,02/03/20 16:31
3057593,3145.40,Active,02/03/20 15:11
3057546,33896.66,Active,02/03/20 14:46
3057336,3819.74,Active,02/03/20 13:41
3057130,3323.95,Active,02/03/20 12:02
2878606,7652.31,Active,01/24/20 20:41
2877517,11235.59,Active,01/24/20 10:59
2831490,9053.28,Active,01/13/20 14:25
2772385,1204.92,Active,12/12/19 21:10
2747484,1219.28,Active,12/05/19 13:03
2705691,3388.46,Active,11/18/19 15:20
2646488,4233.55,Active,10/31/19 14:06
2606372,548.20,Active,10/10/19 21:46
2593883,9142.42,Active,10/04/19 06:26
2591672,4886.99,Active,10/02/19 18:25
2591378,4288.08,Active,10/02/19 14:32
2583291,16338.54,Active,10/01/19 14:28
2582901,4230.26,Preserved,10/01/19 11:44
2582856,6254.03,Preserved,10/01/19 11:12
2580228,1099.89,Active,09/30/19 15:59
2580226,3747.82,Active,09/30/19 15:58
2580195,10001.19,Active,09/30/19 15:52
2580109,17536.45,Active,09/30/19 15:13
2580001,5894.40,Active,09/30/19 14:05
2579978,21545.67,Active,09/30/19 13:52
2579410,4584.24,Active,09/30/19 08:00
2578330,36609.43,Active,09/27/19 21:44
2577962,22075.62,Active,09/27/19 16:04
2577863,27829.62,Active,09/27/19 15:08
2577839,7586.43,Preserved,09/27/19 14:51
2577778,20337.41,Active,09/27/19 14:22
2577770,17788.16,Active,09/27/19 14:13
2577744,14587.32,Active,09/27/19 14:03
2577714,4536.43,Active,09/27/19 13:30
2577706,71980.19,Active,09/27/19 13:26
2577678,22436.53,Active,09/27/19 13:04
2577677,7827.61,Active,09/27/19 13:03
2577675,40072.68,Active,09/27/19 12:58
2575732,5218.01,Active,09/26/19 16:12
2575618,6526.59,Active,09/26/19 14:53
2575598,15291.14,Active,09/26/19 14:26
2575519,30806.28,Active,09/26/19 13:56
2575515,7552.51,Active,09/26/19 13:54
2575467,4978.94,Active,09/26/19 13:31
2575324,9481.22,Active,09/26/19 11:34
2574758,72.43,Active,09/25/19 21:03
2574659,696.89,Active,09/25/19 19:56
2574011,3043.00,Active,09/25/19 13:39
2572656,2402.37,Preserved,09/24/19 19:24
2569801,6118.88,Active,09/23/19 16:12
2569799,9853.96,Active,09/23/19 16:11
2569767,8337.87,Active,09/23/19 16:02
2569454,1737.88,Preserved,09/23/19 14:19
2567275,8130.92,Active,09/20/19 22:03
2564533,10679.01,Active,09/19/19 15:15
2562023,8470.18,Active,09/18/19 21:58
2561285,945.39,Preserved,09/18/19 15:22
2560942,720873.62,Active,09/18/19 14:06
2555152,11654.35,Active,09/16/19 16:04
2555143,11032.44,Active,09/16/19 15:54
2555079,19381.05,Active,09/16/19 15:25
2554928,25664.45,Active,09/16/19 14:25
2553624,2441.81,Preserved,09/14/19 11:26
2551642,3741.22,Active,09/12/19 21:42
2549110,2066.62,Active,09/11/19 22:39
2548937,13088.38,Active,09/11/19 21:44
2546865,4197.52,Active,09/11/19 14:12
2546599,1126.96,Preserved,09/11/19 11:14
2544943,7466.68,Active,09/10/19 17:22
2544670,3072.45,Active,09/10/19 14:56
2544667,6333.90,Active,09/10/19 14:51
2544639,141645.20,Active,09/10/19 14:19
2544299,2766.59,Active,09/10/19 13:40
2544298,1837.72,Preserved,09/10/19 13:39
2544170,2599.29,Active,09/10/19 11:57
2544136,10609.96,Active,09/10/19 11:19
2544124,71601.43,Active,09/10/19 11:09
2544122,14500.49,Active,09/10/19 11:09
2543343,4529.21,Active,09/09/19 20:50
2543185,1105.67,Preserved,09/09/19 18:39
2542336,2878.75,Active,09/09/19 15:03
2542311,3750.97,Active,09/09/19 14:49
2542283,122084.16,Active,09/09/19 14:28
2542199,691390.68,Active,09/09/19 13:58
2542188,2087.56,Preserved,09/09/19 13:48
2542172,6210.74,Active,09/09/19 13:42
2542127,755557.65,Active,09/09/19 13:23
2542086,136098.42,Active,09/09/19 13:04
2540430,4328.09,Active,09/06/19 22:18
2540429,2332.26,Active,09/06/19 22:07
2540428,3811.95,Active,09/06/19 22:05
2540417,3043.46,Active,09/06/19 21:58
2540415,1632.19,Preserved,09/06/19 21:54
2540413,4163.58,Active,09/06/19 21:53
2540411,2931.19,Active,09/06/19 21:52
2540410,3111.59,Active,09/06/19 21:52
2540409,3197.78,Active,09/06/19 21:50
2540408,5236.87,Active,09/06/19 21:50
2540407,4087.84,Active,09/06/19 21:48
2540406,2465.48,Active,09/06/19 21:46
2540405,76724.62,Active,09/06/19 21:45
2540404,500268.63,Active,09/06/19 21:45
2540403,508103.41,Active,09/06/19 21:44
2540402,3192.74,Active,09/06/19 21:43
2540401,9158.40,Active,09/06/19 21:43
2540400,4744.27,Active,09/06/19 21:42
2540399,474341.70,Active,09/06/19 21:41
2539679,10057.95,Active,09/06/19 15:22
2539665,3429.05,Active,09/06/19 15:12
2539660,5173.48,Active,09/06/19 15:04
2539651,13749.18,Active,09/06/19 15:01
2539648,3158.51,Active,09/06/19 14:59
2539644,513748.98,Active,09/06/19 14:56
2539632,2037.79,Active,09/06/19 14:43
2539629,5569.61,Active,09/06/19 14:41
2539623,10377.88,Active,09/06/19 14:37
2539598,28940.88,Active,09/06/19 14:27
2539596,2880.37,Active,09/06/19 14:27
2539581,2747.98,Active,09/06/19 14:22
2539563,2160.05,Preserved,09/06/19 14:05
2539542,1589.69,Preserved,09/06/19 13:45
2539540,1495.35,Active,09/06/19 13:43
2539532,1639.92,Active,09/06/19 13:39
2539525,2958.13,Active,09/06/19 13:30
2539481,773568.92,Preserved,09/06/19 13:26
2539473,167378.38,Preserved,09/06/19 13:17
2539472,2985.69,Preserved,09/06/19 13:17
2539471,9259.60,Active,09/06/19 13:17
2539468,277786.35,Preserved,09/06/19 13:15
2539462,180393.38,Preserved,09/06/19 13:07
2539459,674745.58,Active,09/06/19 13:01
2539449,217744.15,Active,09/06/19 12:43
2539385,3530.43,Active,09/06/19 11:35
2539384,2547.57,Active,09/06/19 11:35
2539381,5077.36,Active,09/06/19 11:32
2539380,2435.19,Active,09/06/19 11:30
2539366,2584.54,Active,09/06/19 11:20
2539359,2469.95,Active,09/06/19 11:15
2539358,5781.51,Active,09/06/19 11:13
2539356,1570.10,Preserved,09/06/19 11:13
2539355,522052.23,Active,09/06/19 11:12
2539280,277.36,Active,09/06/19 11:09
2538104,5035.00,Preserved,09/05/19 22:05
2538101,4621.83,Active,09/05/19 22:01
2538098,3528.15,Active,09/05/19 21:58
2538094,3713.65,Active,09/05/19 21:50
2538093,3621.33,Active,09/05/19 21:50
2538089,12456.74,Active,09/05/19 21:45
2537903,3000.81,Active,09/05/19 18:37
2533714,5790.79,Active,09/03/19 17:51
2533698,2855.52,Preserved,09/03/19 17:36
2533544,3099.92,Active,09/03/19 16:20
2533455,3302.09,Preserved,09/03/19 16:00
2533428,2353.10,Active,09/03/19 15:43
2533419,2631.99,Active,09/03/19 15:36
2533415,5289.81,Active,09/03/19 15:31
2533409,2187.05,Preserved,09/03/19 15:28
2533408,3414.43,Active,09/03/19 15:28
2533407,6015.04,Active,09/03/19 15:27
2533364,14352.69,Active,09/03/19 15:11
2532867,4597.74,Active,09/03/19 13:00
2520993,2755.29,Active,08/30/19 15:15
2520925,3192.03,Active,08/30/19 14:39
2520923,14727.84,Active,08/30/19 14:35
2520695,3433.94,Active,08/30/19 11:16
2518187,3404.18,Active,08/29/19 14:14
2515150,18478.23,Active,08/29/19 13:34
2515048,6376.20,Active,08/29/19 12:28
2512713,5364.22,Active,08/28/19 21:59
2512710,2915.78,Active,08/28/19 21:45
2511333,3069.57,Active,08/28/19 11:26
2511330,2898.06,Active,08/28/19 11:23
2511328,7838.56,Active,08/28/19 11:21
2511323,7139.62,Active,08/28/19 11:18
2511318,3578.96,Active,08/28/19 11:14
2510706,20143.71,Preserved,08/27/19 23:58
2509743,14103.40,Active,08/27/19 17:09
2509523,4991.38,Active,08/27/19 15:10
2509374,4234.84,Active,08/27/19 13:43
2508031,5950.22,Active,08/26/19 17:31
2507803,1327.58,Active,08/26/19 16:21
2507788,8678.47,Active,08/26/19 16:11
2506854,4274.93,Active,08/26/19 07:29
2504044,3580.45,Active,08/22/19 21:37
2502929,4219.25,Active,08/22/19 11:43
2499341,823.68,Active,08/20/19 10:10
2498232,47620.54,Active,08/19/19 18:14
2497850,2904.44,Preserved,08/19/19 17:47
2497600,5945.39,Active,08/19/19 16:05
2497599,4519.65,Active,08/19/19 16:03
2495508,14109.08,Active,08/16/19 21:01
2494158,3558.56,Active,08/16/19 13:07
2493514,177.45,Active,08/15/19 21:08
2493271,534.58,Active,08/15/19 17:10
2492144,4042.16,Active,08/14/19 19:11
2488782,1595.61,Active,08/13/19 16:28
2488617,55024.66,Preserved,08/13/19 14:07
2488555,5784.58,Active,08/13/19 13:28
2486430,22058.21,Active,08/12/19 18:22
2486064,4305.31,Active,08/12/19 16:05
2486063,11994.88,Active,08/12/19 16:05
2486060,8906.97,Active,08/12/19 16:04
2486026,2265.18,Active,08/12/19 15:24
2482846,21741.71,Active,08/08/19 23:01
2482409,250.13,Active,08/08/19 17:48
2481958,3173.70,Preserved,08/08/19 12:53
2480266,1923.97,Active,08/07/19 18:51
2480187,7657.34,Active,08/07/19 18:15
2479493,4778.24,Active,08/07/19 15:00
2476814,35486.08,Active,08/06/19 21:43
2476733,11869.75,Active,08/06/19 20:27
2476431,43478.84,Active,08/06/19 17:08
2476147,7756.84,Active,08/06/19 13:54
2475980,11236.60,Active,08/06/19 12:28
2474684,4858.50,Active,08/05/19 21:54
2474610,5874.94,Active,08/05/19 21:01
2473929,4467.45,Preserved,08/05/19 17:15
2473757,3743.33,Active,08/05/19 15:59
2473756,16961.11,Active,08/05/19 15:59
2473755,6020.73,Active,08/05/19 15:59
2465718,24354.16,Active,08/01/19 09:31
2463428,56964.85,Active,07/30/19 21:02
2462487,6111.66,Active,07/30/19 13:59
2460358,20735.77,Active,07/29/19 16:13
2460356,14401.29,Active,07/29/19 16:13
2460355,14718.76,Active,07/29/19 16:13
2460043,2255.76,Preserved,07/29/19 14:57
2456154,304525.32,Active,07/25/19 17:32
2456063,3608.10,Active,07/25/19 16:30
2452062,6484.56,Active,07/23/19 15:50
2449150,3558.29,Active,07/22/19 17:12
2449146,2960.35,Active,07/22/19 17:08
2449144,3592.12,Preserved,07/22/19 17:07
2449143,4348.44,Active,07/22/19 17:06
2449142,2854.65,Preserved,07/22/19 17:06
2449140,2662.37,Active,07/22/19 17:06
2449139,7895.90,Active,07/22/19 17:05
2449135,3885.97,Active,07/22/19 17:04
2449134,4265.22,Active,07/22/19 17:04
2449133,7359.21,Active,07/22/19 17:02
2449132,4279.74,Active,07/22/19 17:02
2449131,3741.27,Active,07/22/19 17:01
2449011,19671.62,Active,07/22/19 16:21
2449009,7263.66,Active,07/22/19 16:16
2449005,5628.02,Active,07/22/19 16:15
2448997,3197.68,Active,07/22/19 16:11
2448993,6842.37,Active,07/22/19 16:08
2448969,487.09,Active,07/22/19 15:58
2448968,9345.65,Active,07/22/19 15:57
2447793,2716.77,Active,07/22/19 08:36
2443224,3417.88,Active,07/18/19 21:14
2442806,2623.64,Active,07/18/19 15:56
2434584,6844.98,Active,07/16/19 00:35
2426370,2639.60,Preserved,07/15/19 17:27
2426269,7874.35,Active,07/15/19 16:23
2425488,4053.95,Preserved,07/15/19 11:13
2425408,1097.62,Preserved,07/15/19 09:57
2417907,5274.77,Active,07/11/19 10:49
2417572,3540.02,Active,07/11/19 07:06
2415447,7111.26,Active,07/10/19 07:42
2411806,6511.41,Active,07/08/19 22:56
2411237,3445.14,Active,07/08/19 17:46
2411009,7677.01,Active,07/08/19 16:09
2410976,745.55,Preserved,07/08/19 15:58
2410972,5212.41,Active,07/08/19 15:58
2410967,7112.78,Active,07/08/19 15:55
2410573,3358.64,Active,07/08/19 14:07
2409586,11165.32,Active,07/08/19 07:46
2400672,29281.65,Active,07/02/19 18:26
2396912,4343.42,Active,07/01/19 21:27
2396910,8609.10,Active,07/01/19 21:17
2395937,3536.63,Preserved,07/01/19 16:18
2395924,3014.82,Preserved,07/01/19 16:14
2395917,5198.99,Active,07/01/19 16:08
2395522,2757.40,Active,07/01/19 13:36
2389011,6458.59,Active,06/28/19 10:30
2389007,889.95,Active,06/28/19 10:26
2388462,5483.17,Active,06/27/19 22:38
2385065,101.10,Active,06/26/19 11:03
2380712,7872.24,Active,06/25/19 23:51
2380338,1596.12,Active,06/25/19 18:14
2380336,70087.42,Active,06/25/19 18:13
2378664,3536.34,Active,06/24/19 20:02
2378456,36.25,Preserved,06/24/19 17:46
2378401,7752.70,Preserved,06/24/19 17:24
2378397,77521.70,Preserved,06/24/19 17:18
2378213,5254.32,Active,06/24/19 16:00
2377380,29506.74,Active,06/24/19 08:09
2376970,2557.64,Preserved,06/23/19 20:59
2375926,6810.35,Active,06/22/19 10:04
2375622,8536.73,Active,06/21/19 20:41
2373687,3352.74,Active,06/20/19 20:31
2370198,9549.97,Active,06/19/19 10:08
2368711,5439.57,Active,06/18/19 20:13
2367600,12864.22,Active,06/18/19 15:43
2365860,845.33,Preserved,06/17/19 21:43
2365566,5090.95,Active,06/17/19 17:55
2365512,848.60,Active,06/17/19 17:45
2365484,3472.60,Active,06/17/19 17:23
2365471,2394.62,Preserved,06/17/19 17:15
2365388,5061.76,Active,06/17/19 16:41
2365339,11418.18,Active,06/17/19 16:31
2365303,3719.89,Active,06/17/19 16:12
2365296,4359.50,Active,06/17/19 16:07
2365294,4345.26,Active,06/17/19 16:06
2365293,28909.16,Active,06/17/19 16:06
2365292,5596.04,Active,06/17/19 16:06
2365289,4489.98,Active,06/17/19 16:05
2362471,15838.45,Active,06/14/19 14:31
2349655,5851.16,Preserved,06/10/19 20:50
2349444,4004.50,Active,06/10/19 19:47
2349242,186518.55,Active,06/10/19 17:39
2349097,3968.02,Active,06/10/19 16:13
2348937,9073.58,Active,06/10/19 16:01
2348928,8184.07,Active,06/10/19 15:55
2346747,1717.17,Active,06/07/19 20:27
2346074,9609.00,Active,06/07/19 14:32
2344769,4447.89,Active,06/07/19 04:50
2344431,3791.78,Preserved,06/06/19 21:30
2343992,21753.81,Active,06/06/19 17:07
2342392,29871.00,Active,06/06/19 06:30
2341664,539.10,Active,06/05/19 18:20
2339574,14073.33,Preserved,06/04/19 17:29
2339565,7910.12,Active,06/04/19 17:25
2338084,3913.57,Preserved,06/03/19 22:29
2337958,10000.31,Active,06/03/19 21:23
2337764,10927.27,Preserved,06/03/19 19:21
2337177,1322.20,Preserved,06/03/19 18:00
2337167,2448.23,Preserved,06/03/19 17:57
2337001,1044.83,Active,06/03/19 16:59
2336979,1636.06,Preserved,06/03/19 16:50
2336751,23603.17,Active,06/03/19 16:28
2336744,7500.86,Preserved,06/03/19 16:23
2336743,12308.66,Active,06/03/19 16:23
2336735,1165.18,Preserved,06/03/19 16:18
2336736,10608.13,Active,06/03/19 16:18
2336733,17991.41,Active,06/03/19 16:16
2336732,6426.42,Active,06/03/19 16:16
2335414,35187.40,Preserved,06/03/19 12:46
2328938,4582.92,Preserved,05/30/19 20:04
2326602,2769.61,Active,05/29/19 22:03
2323713,16253.85,Preserved,05/28/19 20:07
2323140,64.36,Active,05/28/19 18:51
2316436,1826.55,Active,05/23/19 19:21
2310128,20101.23,Preserved,05/20/19 20:52
2310065,45951.36,Preserved,05/20/19 20:14
2310063,3394.21,Preserved,05/20/19 20:13
2310049,4632.53,Preserved,05/20/19 19:51
2310042,18355.71,Active,05/20/19 19:44
2309993,2112.93,Preserved,05/20/19 19:06
2309892,3166.10,Preserved,05/20/19 18:26
2309870,204.64,Preserved,05/20/19 18:13
2309869,4434.39,Active,05/20/19 18:12
2309866,3601.10,Preserved,05/20/19 18:07
2309860,2363.24,Preserved,05/20/19 18:04
2309858,5376.83,Preserved,05/20/19 18:04
2309855,47535.12,Preserved,05/20/19 18:02
2309853,7685.62,Preserved,05/20/19 17:58
2309837,20128.30,Preserved,05/20/19 17:38
2309727,2570.76,Preserved,05/20/19 16:56
2309625,9640.25,Active,05/20/19 16:47
2309610,6046.38,Active,05/20/19 16:41
2309590,13173.96,Active,05/20/19 16:29
2309587,6495.63,Preserved,05/20/19 16:28
2309431,1952.96,Preserved,05/20/19 16:25
2309429,7057.83,Preserved,05/20/19 16:24
2309420,2893.63,Preserved,05/20/19 16:22
2309417,5244.16,Active,05/20/19 16:21
2296765,2089.82,Active,05/13/19 19:18
2296513,1904.35,Preserved,05/13/19 17:42
2296308,8952.81,Active,05/13/19 16:23
2296306,5855.38,Active,05/13/19 16:22
2296280,5228.79,Active,05/13/19 16:08
2296279,3428.65,Active,05/13/19 16:07
2296267,5635.96,Active,05/13/19 16:02
2291944,1859.55,Active,05/10/19 04:43
2287911,6280.28,Preserved,05/08/19 21:29
2284289,4045.52,Active,05/07/19 15:10
2278222,8270.45,Active,05/06/19 16:21
2278172,6502.86,Active,05/06/19 16:08
2272012,191.23,Active,05/02/19 16:18
2270567,3379.66,Active,05/02/19 10:21
2270509,10913.74,Active,05/02/19 10:03
2265352,3475.19,Active,04/30/19 12:15
2263976,8488.70,Active,04/29/19 19:58
2263644,6097.92,Active,04/29/19 17:26
2263267,5188.18,Preserved,04/29/19 16:08
2261182,6703.84,Active,04/28/19 12:54
2246515,25166.41,Active,04/24/19 22:05
2245125,9933.57,Active,04/24/19 15:48
2244512,22315.50,Active,04/24/19 12:15
2243585,4813.29,Active,04/24/19 07:17
2242475,515.14,Active,04/23/19 18:45
2179482,285.86,Preserved,04/22/19 20:19
2177435,6425.25,Active,04/22/19 15:56
2177373,39314.99,Active,04/22/19 15:36
2177113,25111.88,Active,04/22/19 14:25
2169816,6971.75,Active,04/17/19 22:31
2169541,542.12,Active,04/17/19 19:45
2159881,15938.73,Active,04/16/19 16:25
2152698,6862.99,Active,04/15/19 20:50
2152487,6667.32,Preserved,04/15/19 20:19
2152165,36571.01,Active,04/15/19 18:20
2152164,62772.58,Active,04/15/19 18:19
2152016,2087.79,Active,04/15/19 17:20
2151772,63783.12,Active,04/15/19 16:19
2133103,136.03,Active,04/11/19 23:41
2132689,63291.81,Active,04/11/19 18:23
2132686,17.24,Active,04/11/19 18:22
2121276,32567.72,Active,04/10/19 21:12
2119865,7089.59,Active,04/10/19 18:14
2119783,4360.89,Preserved,04/10/19 17:47
2119719,1382.44,Preserved,04/10/19 17:14
2110160,9381.01,Active,04/09/19 14:38
2105497,32153.59,Active,04/08/19 22:34
2104350,9451.65,Active,04/08/19 20:12
2104039,2128.53,Preserved,04/08/19 17:27
2103913,1660.01,Active,04/08/19 16:27
2103908,8540.94,Active,04/08/19 16:24
2103823,6001.79,Active,04/08/19 15:56
2086021,11389.82,Active,04/05/19 11:48
2078589,18241.11,Active,04/04/19 18:11
2072968,5409.35,Active,04/02/19 17:23
2071053,21250.96,Active,04/01/19 21:28
2070944,42548.85,Active,04/01/19 20:05
2070617,6107.14,Active,04/01/19 16:30
2070558,83533.29,Active,04/01/19 16:23
2066694,5980.34,Active,03/29/19 04:43
2065509,24.80,Preserved,03/28/19 16:56
2060923,30634.28,Active,03/27/19 01:44
2060469,14788.57,Preserved,03/26/19 17:16
2060467,38712.57,Active,03/26/19 17:14
2060453,4122.32,Preserved,03/26/19 17:05
2060452,6520.56,Preserved,03/26/19 17:05
2057091,9618.74,Active,03/25/19 17:57
2057090,7522.73,Active,03/25/19 17:57
2056903,25231.96,Preserved,03/25/19 16:54
2056848,6432.05,Active,03/25/19 16:22
2056792,7760.42,Active,03/25/19 16:14
2052091,1741.08,Active,03/21/19 18:40
2051908,6287.39,Preserved,03/21/19 17:36
2049399,878.79,Active,03/20/19 21:45
2038498,12098.93,Active,03/18/19 18:37
2038410,74397.45,Active,03/18/19 17:52
2038397,2421.90,Active,03/18/19 17:38
2038265,6329.78,Active,03/18/19 16:38
2038136,34018.04,Active,03/18/19 16:16
2034820,11057.90,Preserved,03/15/19 09:36
2026207,4515.04,Active,03/13/19 18:24
2024880,17307.47,Active,03/13/19 02:13
2020669,6175.46,Active,03/11/19 22:05
2020440,57.77,Active,03/11/19 20:32
2020414,8615.38,Active,03/11/19 19:55
2020263,20045.46,Active,03/11/19 17:54
2020024,26216.08,Active,03/11/19 16:44
2019838,2347.06,Active,03/11/19 16:35
2017913,9351.91,Active,03/08/19 20:36
2017866,3914.82,Active,03/08/19 19:45
2017842,222.94,Active,03/08/19 19:21
2017807,36301.85,Active,03/08/19 18:45
2016169,261.63,Active,03/07/19 22:33
2015388,6908.36,Active,03/07/19 17:28
2013579,4892.99,Active,03/06/19 18:17
2008771,10600.40,Active,03/04/19 19:23
2008765,15869.09,Active,03/04/19 19:20
2008764,12791.51,Active,03/04/19 19:15
2008672,13622.66,Preserved,03/04/19 18:38
2008651,4367.15,Preserved,03/04/19 18:15
2002200,735.53,Active,02/27/19 22:43
1998764,4934.19,Active,02/26/19 12:03
1997075,290.06,Active,02/25/19 18:44
1997074,14161.27,Active,02/25/19 18:44
1996666,10927.90,Active,02/25/19 17:54
1996637,13607.26,Active,02/25/19 17:30
1996635,11758.01,Active,02/25/19 17:29
1996534,5910.21,Preserved,02/25/19 17:00
1995864,3261.03,Preserved,02/25/19 10:27
1995770,915.10,Active,02/25/19 08:33
1994646,1536.49,Preserved,02/23/19 18:23
1992112,15677.00,Active,02/21/19 21:10
1989875,8229.78,Active,02/20/19 17:18
1985976,10928.14,Active,02/18/19 19:01
1985926,2419.16,Active,02/18/19 18:16
1985755,534.94,Active,02/18/19 16:53
1985750,3676.67,Preserved,02/18/19 16:51
1984608,1764.80,Preserved,02/17/19 21:43
1983049,5689.81,Active,02/15/19 13:54
1981996,25886.86,Active,02/14/19 20:42
1981873,376.76,Active,02/14/19 20:04
1981547,43592.58,Active,02/14/19 15:29
1981291,8642.52,Active,02/14/19 12:51
1979721,2314.61,Preserved,02/13/19 12:54
1978716,4036.33,Preserved,02/12/19 21:39
1978657,11918.41,Active,02/12/19 20:59
1976684,8466.42,Active,02/11/19 17:28
1976612,55662.03,Active,02/11/19 17:10
1976583,472.81,Preserved,02/11/19 16:38
1976580,54270.70,Active,02/11/19 16:36
1976577,5767.93,Active,02/11/19 16:35
1970742,13333.28,Active,02/06/19 17:30
1970737,11246.72,Active,02/06/19 17:11
1969275,6145.20,Active,02/05/19 17:16
1967771,3929.35,Active,02/04/19 23:27
1967471,1742.89,Preserved,02/04/19 20:12
1967364,10776.61,Active,02/04/19 18:38
1967363,61211.83,Active,02/04/19 18:38
1967362,806.73,Preserved,02/04/19 18:38
1964145,309.82,Preserved,02/01/19 16:30
1962171,15404.51,Active,01/31/19 17:21
1960921,133752.84,Active,01/30/19 23:45
1960209,20533.74,Preserved,01/30/19 20:09
1958716,34704.21,Active,01/29/19 21:10
1953717,914.67,Active,01/29/19 17:58
1951825,5302.75,Active,01/28/19 18:30
1951779,3646.23,Active,01/28/19 18:18
1951778,9069.87,Active,01/28/19 18:18
1951724,9910.16,Active,01/28/19 17:19
1951627,15966.05,Active,01/28/19 16:38
1949188,10381.70,Active,01/25/19 18:51
1949034,11514.44,Active,01/25/19 17:31
1942110,1373.80,Active,01/22/19 18:45
1942103,162.88,Preserved,01/22/19 18:43
1941431,2886.25,Preserved,01/22/19 16:25
1941416,68302.93,Active,01/22/19 16:20
1940015,14253.03,Active,01/21/19 18:16
1936957,15411.54,Active,01/18/19 17:48
1936918,16787.83,Active,01/18/19 17:05
1930608,9328.54,Active,01/15/19 18:33
1930361,3896.11,Active,01/15/19 17:34
1929101,7099.90,Active,01/14/19 23:04
1929013,46261.58,Active,01/14/19 22:25
1928367,11516.61,Active,01/14/19 16:16
1928283,6702.46,Active,01/14/19 15:18
1925533,960.97,Preserved,01/11/19 17:04
1925430,7065.05,Active,01/11/19 15:32
1923980,3850.73,Active,01/10/19 21:08
1918718,7198.14,Active,01/08/19 16:50
1916619,8951.76,Active,01/08/19 12:51
1911882,15294.16,Preserved,01/07/19 19:12
1911380,3707.26,Preserved,01/07/19 17:36
1911263,6626.72,Active,01/07/19 16:51
1911262,16794.73,Active,01/07/19 16:51
1911167,55346.02,Preserved,01/07/19 16:37
1911166,25991.38,Active,01/07/19 16:37
1911164,5289.72,Active,01/07/19 16:37
1910970,2798.25,Active,01/07/19 16:02
1910744,6754.42,Preserved,01/07/19 15:07
1909089,3103.08,Active,01/05/19 11:49
1908035,5779.84,Active,01/04/19 14:36
1905388,184.93,Preserved,01/02/19 21:10
1904139,195.64,Preserved,01/02/19 00:38
1903718,55803.96,Active,12/31/18 19:24
1846154,1915.16,Active,12/18/18 17:38
1845759,6542.22,Active,12/18/18 15:42
1842020,8933.56,Active,12/14/18 17:50
1839249,14880.43,Active,12/12/18 18:14
1839050,3384.36,Preserved,12/12/18 15:50
1837309,7087.58,Active,12/11/18 18:46
1836061,49297.89,Active,12/10/18 23:34
1835940,1620.29,Active,12/10/18 22:04
1835444,84331.82,Active,12/10/18 16:32
1835439,3781.42,Preserved,12/10/18 16:29
1835438,15135.40,Active,12/10/18 16:28
1835434,7283.55,Active,12/10/18 16:23
1835413,15388.27,Preserved,12/10/18 15:56
1834133,91.44,Preserved,12/08/18 00:23
1834050,59537.11,Active,12/07/18 22:16
1833853,21034.52,Active,12/07/18 21:00
1833851,4723.25,Active,12/07/18 20:58
1833789,211598.80,Active,12/07/18 19:31
1830497,4006.91,Active,12/06/18 21:23
1826221,78.54,Active,12/04/18 17:14
1826027,6986.42,Active,12/04/18 16:25
1825655,2286.37,Active,12/04/18 15:27
1823172,967.65,Active,12/03/18 18:28
1822830,123.12,Preserved,12/03/18 17:34
1822826,41502.32,Active,12/03/18 17:32
1822817,5107.02,Active,12/03/18 17:19
1822813,482.68,Active,12/03/18 17:13
1822809,15008.29,Active,12/03/18 17:05
1822790,10126.56,Active,12/03/18 16:54
1822788,1866.56,Preserved,12/03/18 16:54
1822787,3719.40,Preserved,12/03/18 16:54
1822617,179957.69,Active,12/03/18 15:45
1819133,83.67,Preserved,11/29/18 22:16
1819002,5620.72,Preserved,11/29/18 19:44
1816908,4207.42,Active,11/28/18 22:33
1816848,175.47,Active,11/28/18 22:05
1814318,36447.61,Preserved,11/27/18 16:27
1813446,269.89,Active,11/27/18 07:28
1812944,4071.01,Active,11/26/18 20:13
1812852,2345.07,Preserved,11/26/18 19:00
1812693,14192.92,Active,11/26/18 17:45
1812547,8165.59,Active,11/26/18 17:16
1812525,868.29,Active,11/26/18 16:48
1812521,14414.12,Preserved,11/26/18 16:48
1812501,2170.86,Preserved,11/26/18 16:26
1812499,7451.04,Active,11/26/18 16:25
1811477,721.49,Active,11/26/18 01:52
1807419,4211.71,Active,11/21/18 11:54
1806778,74960.54,Active,11/21/18 04:06
1806642,22344.86,Preserved,11/20/18 23:41
1804772,1230.95,Active,11/19/18 23:21
1804648,3457.19,Active,11/19/18 21:14
1804552,266.76,Preserved,11/19/18 19:17
1804242,8247.07,Active,11/19/18 17:42
1804070,27889.32,Active,11/19/18 15:27
1802988,10000.06,Active,11/18/18 20:57
1802807,104.60,Active,11/17/18 16:35
1801479,9536.22,Active,11/16/18 17:12
1800208,2856.20,Preserved,11/15/18 18:49
1798363,1603.94,Preserved,11/14/18 21:58
1798087,25785.09,Active,11/14/18 17:50
1796384,147.08,Active,11/13/18 20:11
1794998,6515.66,Active,11/12/18 21:50
1794812,31.87,Active,11/12/18 20:01
1794591,987.64,Active,11/12/18 18:02
1794581,6901.48,Active,11/12/18 17:44
1794528,21813.56,Active,11/12/18 17:12
1794525,27097.88,Active,11/12/18 17:08
1794502,103043.11,Active,11/12/18 16:36
1794439,5539.76,Active,11/12/18 16:08
1786968,1818.95,Active,11/05/18 23:40
1786881,4383.02,Active,11/05/18 21:51
1786845,19777.38,Active,11/05/18 21:00
1786626,4103.69,Active,11/05/18 18:27
1786606,4168.68,Active,11/05/18 18:12
1786599,1114.84,Preserved,11/05/18 18:03
1785849,23651.25,Active,11/05/18 16:18
1783740,27040.77,Active,11/02/18 18:49
1783708,39689.15,Active,11/02/18 18:28
1781061,6048.98,Active,10/31/18 20:46
1780882,20919.55,Active,10/31/18 18:02
1780698,5543.95,Active,10/31/18 15:55
1779629,8509.07,Active,10/30/18 23:46
1779552,686.65,Active,10/30/18 22:02
1779510,486.13,Preserved,10/30/18 21:05
1779078,4512.32,Preserved,10/30/18 17:16
1778967,2900.08,Active,10/30/18 15:52
1777766,23058.19,Active,10/30/18 00:13
1777625,12479.76,Active,10/29/18 22:19
1777452,51.76,Active,10/29/18 19:30
1777434,11486.73,Active,10/29/18 19:23
1777254,2456.44,Preserved,10/29/18 16:52
1777238,2154.38,Preserved,10/29/18 16:45
1777218,4744.02,Active,10/29/18 16:39
1777216,25726.54,Active,10/29/18 16:38
1777215,15249.68,Active,10/29/18 16:38
1774008,697.60,Active,10/25/18 18:14
1773952,514.59,Active,10/25/18 16:59
1773858,3003.94,Active,10/25/18 14:54
1772890,40855.20,Active,10/24/18 20:51
1765805,3457.83,Active,10/23/18 16:54
1765738,122555.02,Active,10/23/18 15:52
1764606,39171.75,Active,10/22/18 22:51
1764578,6577.95,Active,10/22/18 22:05
1764496,6201.70,Active,10/22/18 20:09
1764448,6859.15,Active,10/22/18 19:54
1764391,2525.93,Preserved,10/22/18 18:53
1764305,17516.26,Active,10/22/18 18:37
1764115,203.76,Preserved,10/22/18 17:39
1764114,539.86,Preserved,10/22/18 17:38
1764097,3092.08,Preserved,10/22/18 17:08
1764071,2176.41,Preserved,10/22/18 16:43
1763535,2537.70,Preserved,10/22/18 14:42
1759319,2347.40,Preserved,10/17/18 20:43
1759292,35786.62,Active,10/17/18 20:05
1759074,10335.19,Active,10/17/18 16:34
1757977,151.08,Preserved,10/16/18 22:53
1757512,3144.37,Preserved,10/16/18 15:00
1756418,11957.16,Active,10/15/18 21:53
1756336,11769.36,Active,10/15/18 20:05
1755879,8635.16,Active,10/15/18 17:15
1755800,40736.16,Active,10/15/18 16:45
1755793,11917.27,Active,10/15/18 16:42
1755788,19117.99,Active,10/15/18 16:41
1755771,4183.99,Preserved,10/15/18 16:24
1755770,24995.73,Active,10/15/18 16:24
1753877,471.28,Active,10/12/18 18:31
1753788,14961.39,Active,10/12/18 16:42
1752565,11849.68,Active,10/11/18 21:15
1752513,12154.10,Active,10/11/18 20:28
1752512,394.87,Active,10/11/18 20:28
1751001,204.12,Active,10/10/18 22:00
1749497,49193.99,Preserved,10/09/18 20:48
1747700,2939.14,Preserved,10/08/18 21:24
1747676,22392.16,Active,10/08/18 20:53
1747665,35282.26,Active,10/08/18 20:46
1747664,24332.16,Active,10/08/18 20:45
1747462,5700.43,Preserved,10/08/18 19:05
1747362,18239.31,Active,10/08/18 18:06
1744197,1105.07,Active,10/08/18 16:40
1744196,2498.83,Active,10/08/18 16:40
1744193,18185.88,Active,10/08/18 16:38
1744192,16702.58,Active,10/08/18 16:37
1744187,215.31,Preserved,10/08/18 16:35
1744150,8568.48,Active,10/08/18 16:15
1743359,544.95,Active,10/08/18 14:35
1740761,1035.65,Active,10/04/18 18:24
1740760,17130.31,Active,10/04/18 18:23
1736616,2093.73,Preserved,10/02/18 16:35
1736552,5003.45,Active,10/02/18 15:46
1734586,14341.61,Active,10/01/18 21:34
1734583,4958.45,Active,10/01/18 21:24
1734519,34.14,Active,10/01/18 20:17
1734499,439.68,Preserved,10/01/18 19:51
1734459,1317.54,Preserved,10/01/18 19:23
1734352,56910.18,Active,10/01/18 19:17
1733988,4842.89,Active,10/01/18 16:18
1733985,1974.18,Preserved,10/01/18 16:17
1733494,45648.05,Active,10/01/18 14:25
1731714,7882.55,Active,09/29/18 19:50
1731236,89570.00,Preserved,09/28/18 21:25
1726270,153.91,Active,09/25/18 22:23
1726006,14414.98,Active,09/25/18 19:14
1725846,1180.83,Active,09/25/18 17:12
1725747,12556.20,Active,09/25/18 15:43
1724369,9084.67,Active,09/24/18 23:14
1724082,86.09,Active,09/24/18 17:55
1724038,11510.39,Preserved,09/24/18 16:58
1724034,4613.74,Preserved,09/24/18 16:46
1717261,1165.80,Preserved,09/20/18 13:58
1715549,3552.52,Active,09/19/18 14:51
1714206,1887.11,Active,09/18/18 23:13
1711943,11456.53,Active,09/17/18 20:55
1711439,20211.11,Active,09/17/18 18:03
1711394,5886.64,Active,09/17/18 17:07
1711378,10209.65,Active,09/17/18 16:50
1711362,17736.49,Active,09/17/18 16:37
1707124,1851.51,Active,09/13/18 00:08
1706533,32959.91,Active,09/12/18 15:58
1705129,4005.34,Active,09/11/18 18:23
1704957,171268.54,Active,09/11/18 16:01
1704592,4311.45,Active,09/11/18 13:27
1703640,19106.68,Active,09/10/18 20:19
1703630,1167.54,Preserved,09/10/18 19:57
1703481,5803.49,Active,09/10/18 17:32
1703466,2220.32,Active,09/10/18 17:23
1703460,8137.98,Active,09/10/18 17:15
1703323,38335.75,Active,09/10/18 16:31
1703222,4627.25,Active,09/10/18 16:24
1703212,3866.20,Active,09/10/18 16:22
1703205,4862.13,Preserved,09/10/18 16:16
1698237,4050.58,Active,09/06/18 15:26
1696646,7050.94,Active,09/05/18 15:53
1696112,15593.09,Active,09/05/18 09:13
1695710,18060.46,Active,09/04/18 23:19
1695681,24531.49,Preserved,09/04/18 22:22
1695575,16067.35,Active,09/04/18 20:56
1695432,8786.37,Active,09/04/18 18:04
1695318,4059.76,Preserved,09/04/18 16:28
1695275,46670.89,Active,09/04/18 16:14
1693744,4967.20,Active,09/03/18 14:54
1692589,32832.42,Active,08/31/18 22:06
1690799,28327.11,Active,08/30/18 18:02
1689364,6884.46,Active,08/29/18 19:49
1687257,5066.69,Active,08/28/18 16:19
1685446,14866.84,Active,08/27/18 17:42
1685433,34479.27,Active,08/27/18 17:26
1685388,10668.02,Active,08/27/18 16:57
1685384,29899.86,Preserved,08/27/18 16:52
1685383,4831.38,Active,08/27/18 16:51
1685381,4877.30,Preserved,08/27/18 16:49
1685379,5303.87,Active,08/27/18 16:48
1685378,2505.22,Preserved,08/27/18 16:48
1685377,9519.00,Active,08/27/18 16:48
1673598,8634.45,Active,08/20/18 17:11
1673596,6558.19,Active,08/20/18 17:11
1673537,10437.78,Active,08/20/18 16:59
1673323,8811.27,Active,08/20/18 16:27
1664458,2669.16,Active,08/14/18 20:06
1664438,12026.83,Active,08/14/18 19:41
1663658,3799.88,Preserved,08/14/18 16:04
1661854,4370.85,Preserved,08/13/18 20:35
1661372,14589.88,Active,08/13/18 19:03
1661015,349.99,Preserved,08/13/18 17:16
1660860,7829.62,Active,08/13/18 16:46
1660859,13148.46,Active,08/13/18 16:46
1660814,23872.35,Active,08/13/18 16:24
1658041,4898.82,Active,08/10/18 18:04
1656022,592.52,Active,08/09/18 19:45
1651753,123658.35,Active,08/07/18 16:29
1651751,2852.24,Active,08/07/18 16:29
1649702,3018.38,Preserved,08/06/18 21:41
1649404,73676.34,Preserved,08/06/18 17:00
1649402,51540.25,Preserved,08/06/18 16:53
1649263,12942.62,Active,08/06/18 14:48
1648075,6224.45,Active,08/03/18 18:56
1645082,1859.84,Active,08/01/18 21:27
1642333,8626.61,Active,07/31/18 15:08
1640874,7687.43,Active,07/30/18 16:28
1640871,52324.36,Active,07/30/18 16:25
1640870,16406.93,Active,07/30/18 16:25
1640752,8596.64,Active,07/30/18 14:10
1636575,6659.11,Preserved,07/25/18 17:27
1634999,1458.51,Active,07/24/18 18:43
1634536,6297.55,Active,07/24/18 14:50
1634518,2056.93,Active,07/24/18 14:29
1633008,3291.68,Preserved,07/23/18 16:41
1632907,5140.29,Active,07/23/18 14:11
1632338,5195.20,Active,07/22/18 17:26
1631098,9521.36,Active,07/20/18 18:07
1628747,11801.56,Active,07/18/18 21:31
1627568,6812.26,Active,07/18/18 15:31
1624746,14301.29,Active,07/16/18 16:34
1624734,341.61,Active,07/16/18 16:24
1624724,6287.17,Active,07/16/18 16:09
1624081,5522.64,Active,07/13/18 23:21
1623648,1628.60,Active,07/13/18 17:12
1620006,4314.04,Active,07/12/18 17:36
1616862,1403.50,Active,07/10/18 20:31
1612089,10921.14,Active,07/09/18 21:05
1611558,28958.60,Active,07/09/18 16:39
1611537,8628.02,Active,07/09/18 16:09
1609832,7657.71,Preserved,07/06/18 16:24
1584839,856.39,Active,07/03/18 23:34
1572940,5721.50,Active,07/03/18 16:46
1531703,13329.08,Preserved,07/02/18 16:53
1531678,6704.04,Active,07/02/18 16:17
1528441,9726.45,Active,06/28/18 20:12
1523352,10537.65,Active,06/25/18 16:46
1523328,5489.71,Active,06/25/18 16:17
1523327,84502.86,Active,06/25/18 16:16
1523326,6683.81,Active,06/25/18 16:15
1516500,13636.50,Active,06/18/18 16:15
1439219,10738.70,Active,06/13/18 22:08
1436963,3615.92,Preserved,06/12/18 17:04
1434690,2123.75,Preserved,06/11/18 16:27
1431993,383.20,Active,06/08/18 21:02
1431626,13448.25,Active,06/08/18 15:40
1425256,6125.36,Preserved,06/05/18 16:08
1422517,9404.09,Active,06/04/18 18:11
1422223,135451.68,Active,06/04/18 16:53
1422023,4950.45,Active,06/04/18 15:10
1421985,6168.26,Active,06/04/18 14:54
1418573,47873.26,Preserved,05/31/18 17:25
1417242,177.80,Active,05/30/18 21:30
1415527,12969.45,Preserved,05/29/18 19:38
1413917,5335.77,Preserved,05/29/18 17:35
1413847,55951.14,Active,05/29/18 16:52
1413821,5087.72,Active,05/29/18 16:40
1404104,12055.69,Preserved,05/21/18 17:53
1404023,6297.37,Active,05/21/18 16:37
1404022,10996.85,Active,05/21/18 16:36
1394384,51729.02,Active,05/14/18 17:21
1394352,7751.02,Active,05/14/18 16:32
1394350,25681.87,Active,05/14/18 16:32
1394348,11257.32,Active,05/14/18 16:31
1392365,134736.92,Active,05/11/18 17:50
1390876,9068.72,Active,05/11/18 09:44
1387392,28246.74,Active,05/08/18 15:45
1385678,9415.12,Active,05/08/18 12:01
1381328,28636.05,Active,05/07/18 17:58
1381285,20789.09,Active,05/07/18 16:57
1381284,10522.67,Active,05/07/18 16:57
1381230,4364.15,Active,05/07/18 16:31
1381229,6786.68,Preserved,05/07/18 16:29
1376929,9078.34,Active,05/02/18 16:10
1374172,9693.24,Active,04/30/18 16:15
1374165,5244.75,Preserved,04/30/18 16:11
1374083,15552.47,Active,04/30/18 14:11
1373373,8942.40,Active,04/28/18 12:17
1367662,39080.96,Active,04/23/18 22:20
1367231,2982.99,Active,04/23/18 17:01
1367228,7088.15,Active,04/23/18 17:01
1367221,52976.92,Active,04/23/18 16:53
1367211,75089.95,Preserved,04/23/18 16:34
1367210,4945.74,Active,04/23/18 16:33
1367209,23252.25,Active,04/23/18 16:33
1367208,3618.37,Preserved,04/23/18 16:33
1363262,10740.98,Active,04/18/18 23:50
1361635,9531.90,Active,04/17/18 20:34
1361264,5526.59,Active,04/17/18 15:10
1359697,102735.93,Active,04/17/18 04:30
1358861,41190.21,Active,04/16/18 18:20
1358621,7365.95,Active,04/16/18 17:00
1358619,10484.65,Active,04/16/18 16:58
1358604,6454.82,Active,04/16/18 16:45
1351631,47151.39,Active,04/12/18 18:35
1351621,16512.55,Active,04/12/18 18:21
1351442,8133.16,Active,04/12/18 15:42
1350063,12342.27,Active,04/11/18 23:36
1348076,10348.85,Active,04/10/18 19:46
1347845,4324.29,Active,04/10/18 16:06
1347477,22773.17,Active,04/10/18 13:59
1340953,44026.27,Active,04/05/18 15:48
1337478,14680.46,Preserved,04/03/18 15:08
1335105,49458.57,Active,04/02/18 18:35
1334830,34391.79,Active,04/02/18 18:00
1334807,5013.77,Active,04/02/18 17:38
1334806,14207.75,Active,04/02/18 17:36
1334800,13837.56,Active,04/02/18 17:33
1334768,7143.65,Preserved,04/02/18 16:53
1332545,30140.32,Active,03/30/18 16:47
1332525,12160.52,Active,03/30/18 16:21
1326497,4027.69,Active,03/27/18 14:03
1325498,17664.05,Preserved,03/26/18 18:06
1325400,292.46,Preserved,03/26/18 16:59
1325388,7182.37,Active,03/26/18 16:43
1325387,7174.22,Active,03/26/18 16:43
1325385,11491.74,Active,03/26/18 16:41
1325382,6724.83,Active,03/26/18 16:40
1325381,21349.77,Preserved,03/26/18 16:40
1325376,3716.74,Preserved,03/26/18 16:34
1325369,7726.17,Active,03/26/18 16:28
1325344,15597.69,Preserved,03/26/18 16:12
1321269,468.74,Active,03/22/18 17:24
1321188,38168.59,Active,03/22/18 16:38
1315810,3388.34,Active,03/20/18 15:01
1315129,7339.29,Preserved,03/19/18 20:43
1315043,61537.47,Active,03/19/18 19:59
1314627,2095.67,Active,03/19/18 16:55
1314626,1480.77,Active,03/19/18 16:55
1314621,1061.25,Active,03/19/18 16:53
1314619,6342.26,Active,03/19/18 16:53
1312169,18811.47,Preserved,03/15/18 19:04
1310854,43519.81,Active,03/14/18 23:58
1305249,6762.22,Active,03/12/18 16:33
1305250,6812.83,Active,03/12/18 16:33
1300701,4057.98,Preserved,03/07/18 15:25
1299795,84027.55,Preserved,03/07/18 00:37
1299790,167.72,Active,03/07/18 00:18
1299368,927.13,Preserved,03/06/18 15:04
1298354,83856.25,Active,03/05/18 22:01
1298157,1007.27,Active,03/05/18 18:23
1298075,95832.13,Preserved,03/05/18 17:32
1294960,57840.67,Active,03/01/18 18:32
1294883,145.16,Active,03/01/18 16:50
1286141,12192.87,Active,02/24/18 15:46
1285325,5733.14,Active,02/23/18 14:04
1280745,5646.86,Active,02/20/18 22:33
1279030,29626.26,Active,02/19/18 18:03
1278827,15421.18,Active,02/19/18 16:51
1275194,6687.74,Active,02/15/18 08:58
1271475,12871.52,Active,02/12/18 22:14
1271193,1928.31,Preserved,02/12/18 18:11
1271046,7626.22,Active,02/12/18 16:40
1256500,188072.68,Active,02/06/18 00:00
1256487,889.79,Active,02/05/18 23:34
1252461,69020.34,Active,02/05/18 17:07
1252445,6545.75,Active,02/05/18 16:57
1252444,7531.34,Preserved,02/05/18 16:56
1243580,49813.04,Preserved,01/30/18 20:06
1243391,16008.05,Active,01/30/18 16:29
1243377,30826.31,Active,01/30/18 16:18
1243374,12324.59,Active,01/30/18 16:18
1243361,2455.61,Preserved,01/30/18 16:00
1240320,176034.45,Active,01/29/18 18:18
1240085,4967.15,Preserved,01/29/18 16:42
1240084,19161.05,Active,01/29/18 16:40
1236737,3603.45,Preserved,01/24/18 19:00
1235865,5909.46,Active,01/23/18 23:54
1233675,173125.54,Active,01/22/18 22:57
1233408,56475.63,Active,01/22/18 18:05
1233328,8983.88,Active,01/22/18 16:50
1230267,73146.69,Active,01/18/18 16:25
1218019,17045.79,Active,01/10/18 21:34
1217966,19532.47,Active,01/10/18 20:07
1217877,2878.45,Preserved,01/10/18 17:34
1216132,71377.37,Active,01/09/18 15:37
1214653,16512.17,Active,01/08/18 17:57
1210264,18430.15,Active,01/03/18 19:19
1209850,13671.20,Active,01/03/18 16:26
1208939,12633.20,Active,01/02/18 21:53
1208795,17291.75,Active,01/02/18 18:31
1208782,35156.47,Active,01/02/18 18:10
1208735,6617.80,Active,01/02/18 17:07
1207228,12724.34,Active,12/28/17 17:40
1201754,15080.55,Active,12/20/17 17:48
1197541,55999.08,Active,12/18/17 18:36
1197501,11456.66,Active,12/18/17 17:44
1197385,47427.88,Active,12/18/17 16:42
1197370,3006.46,Preserved,12/18/17 16:16
1190886,14275.71,Active,12/12/17 17:58
1189195,8946.88,Active,12/11/17 16:40
1189194,4980.26,Active,12/11/17 16:39
1184502,612.60,Active,12/08/17 00:54
1179693,75361.01,Active,12/06/17 20:53
1169877,160082.83,Preserved,12/04/17 20:07
1169353,13884.59,Active,12/04/17 16:43
1161506,12667.13,Active,11/30/17 15:25
1157051,3336.48,Active,11/27/17 15:21
1150175,7076.53,Preserved,11/20/17 20:52
1150074,5667.46,Preserved,11/20/17 19:12
1149840,38339.43,Preserved,11/20/17 15:38
1149833,7906.95,Active,11/20/17 15:30
1143744,78912.70,Active,11/15/17 13:01
1124834,5150.23,Active,11/13/17 17:40
1124735,7627.59,Active,11/13/17 16:41
1112452,8860.15,Active,11/09/17 13:15
1104421,5002.14,Preserved,11/06/17 16:36
1104350,17129.63,Active,11/06/17 15:59
1089410,13331.21,Active,10/30/17 17:05
1089179,9653.78,Preserved,10/30/17 16:44
1089175,12792.93,Active,10/30/17 16:42
1089003,3441.74,Preserved,10/30/17 16:28
1081881,12933.56,Active,10/26/17 16:39
1072014,8484.07,Active,10/23/17 18:57
1071779,10484.31,Active,10/23/17 16:45
1068563,14772.97,Active,10/20/17 15:50
1060782,6799.91,Active,10/18/17 14:58
1060261,6700.28,Active,10/17/17 21:17
1058955,17436.01,Active,10/16/17 17:09
1058926,10852.98,Active,10/16/17 16:34
1058898,1992.77,Active,10/16/17 16:02
1051900,4332.47,Preserved,10/10/17 16:19
1046541,44606.75,Active,10/09/17 17:11
1046535,27764.04,Active,10/09/17 17:01
1046433,10819.29,Active,10/09/17 16:37
1046412,12869.06,Active,10/09/17 15:41
1042810,24722.54,Active,10/04/17 16:48
1039828,8737.97,Active,10/02/17 16:43
1039821,9080.97,Active,10/02/17 16:34
1039820,18132.42,Active,10/02/17 16:34
1030287,20868.04,Active,09/25/17 17:19
1030203,84443.27,Active,09/25/17 16:47
1029755,10465.73,Preserved,09/25/17 15:49
1029124,23109.48,Active,09/24/17 18:48
1021671,10864.09,Active,09/17/17 20:03
1015784,19835.46,Active,09/13/17 13:22
1013258,8013.38,Active,09/11/17 19:00
1013177,13787.28,Preserved,09/11/17 17:35
1013126,1945.18,Preserved,09/11/17 16:50
1012937,2425.16,Preserved,09/11/17 16:32
1008095,4368.55,Active,09/06/17 21:20
1007788,9704.55,Active,09/06/17 17:32
1005841,29138.17,Active,09/05/17 17:26
999607,4196.44,Active,08/29/17 12:27
998228,22833.58,Active,08/28/17 17:37
998212,27.23,Active,08/28/17 17:25
998078,7613.26,Active,08/28/17 15:39
996577,8962.48,Active,08/25/17 18:29
993166,7397.73,Active,08/22/17 16:13
993156,990.33,Preserved,08/22/17 16:00
991925,6958.31,Active,08/21/17 17:37
991895,10047.84,Active,08/21/17 17:01
991856,41610.03,Active,08/21/17 16:30
991717,4261.90,Active,08/21/17 15:22
991055,9685.93,Active,08/20/17 20:46
985308,5255.71,Active,08/16/17 16:17
985152,9213.19,Active,08/16/17 15:31
982144,7756.05,Preserved,08/15/17 14:53
980861,13990.77,Active,08/14/17 17:28
980849,2692.49,Active,08/14/17 17:04
977234,2480.35,Active,08/09/17 20:37
973808,7256.12,Active,08/07/17 16:42
971197,10355.19,Preserved,08/03/17 16:13
968507,201.66,Active,08/02/17 18:06
967147,1820.47,Preserved,08/01/17 17:39
967032,988.54,Active,08/01/17 15:36
965677,24162.45,Active,07/31/17 17:37
825894,24710.97,Active,07/24/17 16:43
825779,8676.57,Preserved,07/24/17 15:58
821740,9249.80,Active,07/19/17 15:31
820401,10410.25,Active,07/18/17 16:29
809206,154.52,Active,07/06/17 21:23
809130,9081.41,Active,07/06/17 20:30
808984,84529.08,Active,07/06/17 17:05
808772,8993.56,Active,07/06/17 15:40
806101,16438.93,Active,07/03/17 20:55
806013,3244.60,Preserved,07/03/17 16:50
806009,18177.08,Active,07/03/17 16:31
806008,81794.09,Active,07/03/17 16:30
806007,4755.23,Preserved,07/03/17 16:29
803773,20704.45,Active,06/29/17 20:29
800139,11533.85,Active,06/27/17 23:33
798994,1521.70,Preserved,06/27/17 03:37
798709,12776.30,Active,06/26/17 16:52
798675,4096.87,Active,06/26/17 16:31
798644,10059.81,Active,06/26/17 15:46
795447,129877.04,Active,06/20/17 21:36
792670,15874.53,Active,06/19/17 16:42
790977,14624.26,Active,06/16/17 18:11
790923,3574.04,Active,06/16/17 17:02
786883,5677.26,Active,06/13/17 13:32
781811,100651.49,Active,06/06/17 21:37
780838,29064.73,Active,06/05/17 23:30
780490,9023.95,Preserved,06/05/17 16:38
775454,26331.04,Active,05/30/17 17:10
772687,39163.98,Active,05/25/17 18:11
767652,5225.46,Active,05/22/17 18:30
767439,1913.25,Preserved,05/22/17 16:40
767438,19928.00,Active,05/22/17 16:40
766414,50789.73,Active,05/19/17 20:32
761946,7569.33,Active,05/16/17 13:51
757990,4551.50,Active,05/12/17 06:51
756724,8869.52,Active,05/10/17 16:30
755806,19347.93,Active,05/09/17 16:35
754954,7716.22,Active,05/08/17 16:51
752338,267.32,Active,05/03/17 22:28
750576,8826.30,Active,05/02/17 05:09
749863,8706.74,Preserved,05/01/17 20:09
749564,1850.95,Active,05/01/17 17:01
749562,28569.30,Active,05/01/17 17:00
749528,4464.91,Active,05/01/17 16:15
748398,2611.27,Active,04/28/17 01:39
748302,5880.94,Active,04/27/17 21:56
748268,16311.20,Preserved,04/27/17 20:05
747888,30149.12,Active,04/27/17 17:19
747850,5562.58,Active,04/27/17 16:37
747827,14416.70,Active,04/27/17 16:06
747807,6773.91,Active,04/27/17 15:39
747785,11074.52,Active,04/27/17 15:11
747782,5267.46,Active,04/27/17 15:09
747688,31186.91,Active,04/27/17 14:51
747687,17992.87,Active,04/27/17 14:49
747683,9871.66,Active,04/27/17 14:48
747676,9276.90,Active,04/27/17 14:36
747650,11825.05,Active,04/27/17 13:47
747612,7831.09,Active,04/27/17 12:44
747609,7339.15,Active,04/27/17 12:36
747607,3565.80,Active,04/27/17 12:31
747586,13481.80,Active,04/27/17 11:49
747585,11687.48,Active,04/27/17 11:47
747583,5542.21,Active,04/27/17 11:43
747570,2247.69,Active,04/27/17 11:07
747569,41892.59,Preserved,04/27/17 11:06
747561,1452.59,Active,04/27/17 11:01
747559,226.45,Active,04/27/17 11:01
747557,40568.73,Active,04/27/17 11:01
747556,30882.38,Active,04/27/17 11:01
747554,86092.89,Preserved,04/27/17 11:01
747552,111833.15,Active,04/27/17 11:01
747550,4637.50,Active,04/27/17 11:01
747549,11228.06,Active,04/27/17 11:01
747547,2450.27,Preserved,04/27/17 11:01
747545,2300.34,Preserved,04/27/17 11:01
747543,36500.15,Preserved,04/27/17 11:01
747544,8980.81,Active,04/27/17 11:01
747542,6696.15,Active,04/27/17 11:01
746186,13957.09,Active,04/25/17 21:04
746048,14762.76,Active,04/25/17 18:32
745956,16367.93,Active,04/25/17 17:43
744689,5784.38,Active,04/24/17 16:41
743941,7997.33,Active,04/24/17 01:20
740208,37988.13,Active,04/19/17 15:50
739096,24711.62,Active,04/17/17 23:09
737599,11621.09,Preserved,04/13/17 20:26
735446,14528.17,Active,04/11/17 17:58
734838,34661.71,Active,04/10/17 23:21
734471,35855.81,Preserved,04/10/17 16:34
734466,8774.89,Preserved,04/10/17 16:33
732796,11625.23,Active,04/06/17 17:01
732467,36596.21,Active,04/06/17 01:37
731804,8146.35,Active,04/05/17 10:36
729564,46293.16,Active,04/03/17 17:09
729543,2181.38,Preserved,04/03/17 16:36
729542,20076.94,Active,04/03/17 16:36
726304,17723.93,Active,03/30/17 21:31
724777,6457.94,Active,03/29/17 16:13
723328,34887.71,Active,03/27/17 21:43
723126,14150.89,Active,03/27/17 16:36
723125,28089.27,Active,03/27/17 16:36
722553,71.74,Active,03/25/17 00:10
722388,5577.63,Preserved,03/24/17 19:33
722266,29354.09,Active,03/24/17 15:21
721813,21735.00,Active,03/23/17 20:02
720230,11575.96,Active,03/22/17 13:59
719755,6849.72,Active,03/21/17 21:31
719164,5203.77,Preserved,03/20/17 20:50
718961,51408.34,Active,03/20/17 16:34
718477,80577.80,Active,03/19/17 17:52
716511,8212.46,Active,03/15/17 19:25
715723,8068.81,Active,03/14/17 21:31
715519,9863.96,Active,03/14/17 16:18
714865,111254.15,Active,03/13/17 17:33
713513,255.22,Active,03/10/17 15:31
712749,5469.69,Active,03/09/17 22:51
711279,270.16,Active,03/08/17 22:19
710556,36063.81,Active,03/08/17 00:16
709685,72800.91,Active,03/06/17 22:42
709666,11442.14,Preserved,03/06/17 21:54
709334,6362.48,Active,03/06/17 16:27
708058,8748.41,Active,03/03/17 17:13
707596,834396.18,Active,03/03/17 01:12
705108,12955.91,Preserved,03/01/17 14:09
704874,11775.40,Active,03/01/17 05:58
704857,4467.96,Active,03/01/17 04:44
704211,22498.61,Active,02/28/17 16:35
702783,15274.37,Active,02/27/17 20:45
702719,20710.42,Active,02/27/17 20:13
702506,222117.66,Active,02/27/17 18:13
702400,48934.46,Active,02/27/17 17:20
702330,9010.03,Active,02/27/17 16:42
701348,2379.23,Preserved,02/24/17 18:37
700540,6277.22,Active,02/23/17 23:04
700513,47322.16,Active,02/23/17 22:09
700136,153837.55,Active,02/23/17 17:32
699478,3296.29,Preserved,02/22/17 21:44
697157,19369.89,Preserved,02/20/17 17:54
697142,16002.60,Active,02/20/17 17:00
697103,32671.92,Active,02/20/17 15:49
694788,4734.12,Active,02/16/17 07:19
694028,2481.54,Active,02/15/17 20:44
693862,8767.73,Active,02/15/17 17:22
693726,13805.93,Active,02/15/17 15:24
683526,3856.27,Active,02/13/17 19:42
683266,12341.22,Active,02/13/17 14:34
682873,6949.73,Active,02/10/17 21:41
682865,3580.88,Active,02/10/17 21:38
682770,5269.05,Active,02/10/17 19:00
681844,737.73,Preserved,02/09/17 16:37
681442,5940.65,Active,02/08/17 21:22
681432,9632.78,Preserved,02/08/17 20:53
679973,17066.31,Active,02/06/17 20:35
679716,10069.48,Active,02/06/17 16:40
678839,1040.54,Active,02/03/17 16:25
678238,13751.54,Active,02/02/17 21:22
678109,7917.83,Active,02/02/17 18:09
678007,25634.27,Preserved,02/02/17 16:12
676822,69859.08,Active,01/31/17 20:15
675889,24650.16,Active,01/30/17 18:16
674109,6357.81,Active,01/25/17 23:34
674090,4241.24,Active,01/25/17 22:39
674057,6134.74,Active,01/25/17 21:48
673965,32091.14,Preserved,01/25/17 19:33
673897,9865.09,Active,01/25/17 17:13
668678,39663.91,Active,01/18/17 19:14
668101,158160.21,Active,01/17/17 23:32
667835,65806.97,Active,01/17/17 18:01
663778,839.58,Active,01/12/17 20:24
663622,49605.26,Active,01/12/17 16:04
662162,46069.27,Active,01/11/17 00:14
661476,31147.34,Active,01/09/17 22:55
661047,43269.05,Active,01/09/17 14:30
659543,17633.15,Active,01/05/17 18:49
658192,1573.44,Active,01/04/17 00:46
657934,18583.19,Active,01/03/17 17:30
657915,7964.95,Preserved,01/03/17 16:51
657913,208740.99,Active,01/03/17 16:50
657011,28079.30,Active,12/29/16 23:21
656220,98160.37,Active,12/27/16 22:31
655474,6250.01,Active,12/23/16 17:10
655466,19957.15,Active,12/23/16 16:30
655282,5279.13,Active,12/22/16 22:24
654710,9081.20,Active,12/21/16 17:56
654258,26451.02,Active,12/20/16 18:29
651233,18566.61,Active,12/14/16 22:21
644874,1588.75,Preserved,12/06/16 17:02
643635,103463.24,Active,12/05/16 19:12
637334,33421.39,Active,11/29/16 17:33
636330,9822.05,Preserved,11/29/16 01:01
636026,34779.29,Active,11/28/16 19:14
636025,9529.96,Preserved,11/28/16 19:13
636014,12885.27,Active,11/28/16 19:03
635931,40537.84,Active,11/28/16 17:13
633240,35000.00,Preserved,11/22/16 23:42
633188,91010.47,Active,11/22/16 21:49
633126,67033.77,Active,11/22/16 20:25
632020,37309.65,Active,11/21/16 16:43
631531,1593.68,Active,11/19/16 00:33
631409,132672.70,Active,11/18/16 21:51
630624,4792.29,Active,11/17/16 19:36
627642,4457.95,Active,11/14/16 22:52
626629,61304.18,Active,11/12/16 12:59
624138,31340.75,Preserved,11/09/16 18:40
622551,98642.36,Preserved,11/09/16 16:25
622393,32140.69,Active,11/09/16 14:58
621287,5497.34,Active,11/08/16 15:17
621282,76363.94,Active,11/08/16 14:55
621248,18199.99,Active,11/08/16 13:45
620245,11312.20,Active,11/07/16 16:43
620053,51147.59,Active,11/07/16 11:13
619938,51395.00,Active,11/07/16 06:15
619932,7471.25,Preserved,11/07/16 05:49
619298,65189.20,Active,11/04/16 18:58
617560,25881.45,Active,11/02/16 16:30
616962,37486.13,Active,11/01/16 23:04
616500,138130.56,Active,11/01/16 20:40
616011,57469.04,Active,10/31/16 22:53
615960,4493.10,Preserved,10/31/16 19:41
615934,15986.43,Active,10/31/16 19:09
615796,84788.76,Active,10/31/16 17:56
615777,15330.03,Active,10/31/16 17:21
615775,1788.54,Active,10/31/16 17:15
615764,29112.80,Active,10/31/16 17:13
615757,102228.39,Preserved,10/31/16 17:05
615756,4043.14,Active,10/31/16 17:04
615755,40968.74,Active,10/31/16 17:04
615753,23934.84,Active,10/31/16 16:57
615751,3626.88,Preserved,10/31/16 16:55
615750,24456.05,Active,10/31/16 16:54
615748,8882.59,Active,10/31/16 16:52
615741,19782.95,Active,10/31/16 16:48
615740,3639.48,Active,10/31/16 16:44
615737,19469.05,Active,10/31/16 16:41
615733,57132.30,Active,10/31/16 16:35
615731,50487.01,Active,10/31/16 16:27
615721,18992.66,Active,10/31/16 16:21
615719,11900.92,Active,10/31/16 16:18
615718,70156.71,Preserved,10/31/16 16:15
615711,5759.46,Active,10/31/16 16:10
615708,3549.19,Preserved,10/31/16 16:10
615704,6019.22,Active,10/31/16 16:04
615701,4817.76,Active,10/31/16 16:00
615699,32231.58,Active,10/31/16 15:56
615698,25306.66,Active,10/31/16 15:55
615696,67873.58,Active,10/31/16 15:51
615693,9148.45,Preserved,10/31/16 15:48
615590,72.96,Preserved,10/31/16 15:43
615588,10453.13,Active,10/31/16 15:43
615587,47755.84,Active,10/31/16 15:43
615586,41618.38,Active,10/31/16 15:43
615513,2097.91,Preserved,10/31/16 15:40
615512,5806.00,Preserved,10/31/16 15:39
615510,22431.21,Active,10/31/16 15:38
615503,4678.35,Active,10/31/16 15:36
615502,865.54,Active,10/31/16 15:36
615497,46482.52,Active,10/31/16 15:33
615315,15261.39,Active,10/31/16 13:39
614204,13407.23,Active,10/27/16 22:18
611452,14237.34,Active,10/26/16 02:57
611318,26555.15,Active,10/25/16 21:58
611224,24165.14,Active,10/25/16 18:34
611174,11701.03,Active,10/25/16 17:20
611054,34405.84,Active,10/25/16 16:30
609923,5890.42,Active,10/23/16 13:21
609575,12.38,Active,10/21/16 18:40
609550,5975.70,Active,10/21/16 17:52
609526,1932.45,Active,10/21/16 17:18
609525,56444.44,Active,10/21/16 17:16
609516,108773.72,Active,10/21/16 17:10
609507,55328.04,Active,10/21/16 16:56
609503,7727.00,Preserved,10/21/16 16:50
609495,45035.34,Preserved,10/21/16 16:46
609492,37530.83,Active,10/21/16 16:44
609488,21829.82,Active,10/21/16 16:34
609486,109.56,Active,10/21/16 16:32
609483,32196.87,Active,10/21/16 16:28
609482,41514.94,Active,10/21/16 16:27
609480,7690.01,Active,10/21/16 16:25
609479,36697.97,Active,10/21/16 16:23
609478,34527.09,Active,10/21/16 16:23
609470,334144.42,Active,10/21/16 16:12
609468,26144.47,Active,10/21/16 16:06
609465,7734.06,Active,10/21/16 16:03
609461,52384.53,Active,10/21/16 16:00
609457,67590.86,Active,10/21/16 15:54
609456,38675.07,Preserved,10/21/16 15:52
609455,99098.51,Active,10/21/16 15:49
609449,18040.64,Active,10/21/16 15:42
609447,29164.85,Active,10/21/16 15:41
609439,19059.65,Active,10/21/16 15:35
609437,1456.07,Active,10/21/16 15:35
609434,69315.33,Active,10/21/16 15:34
609431,15831.54,Active,10/21/16 15:34
609430,2876.75,Active,10/21/16 15:34
609429,82666.72,Active,10/21/16 15:32
609427,21821.46,Active,10/21/16 15:28
609425,1138.16,Active,10/21/16 15:26
609424,76774.49,Active,10/21/16 15:26
609423,20635.22,Active,10/21/16 15:25
609420,194466.18,Active,10/21/16 15:21
609417,11043.33,Active,10/21/16 15:19
609413,2970.59,Active,10/21/16 15:18
609412,1511.28,Active,10/21/16 15:18
609411,4590.92,Preserved,10/21/16 15:17
609407,6192.76,Preserved,10/21/16 15:15
607575,9833.62,Active,10/18/16 19:30
607045,5242.99,Active,10/17/16 21:06
606779,13202.28,Active,10/17/16 16:38
606743,3323.48,Preserved,10/17/16 15:29
606716,2611.92,Preserved,10/17/16 14:44
606314,3360.11,Active,10/14/16 20:51
604066,11578.87,Active,10/11/16 13:45
603876,11791.61,Active,10/10/16 23:27
603630,6675.20,Active,10/10/16 18:23
603624,280.20,Active,10/10/16 18:18
602430,75951.46,Active,10/06/16 16:31
596454,39924.34,Active,09/27/16 21:47
595623,8108.88,Active,09/26/16 19:25
595473,19760.04,Active,09/26/16 16:53
595058,43.35,Preserved,09/23/16 22:36
591281,4884.80,Active,09/15/16 17:25
590881,8926.88,Active,09/14/16 20:55
590232,8112.14,Active,09/13/16 18:41
589526,13981.55,Active,09/12/16 17:15
589523,49694.78,Active,09/12/16 17:14
589516,55164.34,Active,09/12/16 16:59
589512,9467.72,Preserved,09/12/16 16:51
589430,22122.84,Active,09/12/16 14:37
581123,21194.54,Active,09/06/16 17:26
581084,20035.58,Active,09/06/16 16:32
581081,5083.75,Preserved,09/06/16 16:31
581080,25281.80,Active,09/06/16 16:31
577531,73045.30,Active,08/29/16 16:58
577522,24767.07,Preserved,08/29/16 16:42
577520,6511.96,Active,08/29/16 16:39
571311,1189.69,Preserved,08/22/16 21:01
571023,8196.26,Preserved,08/22/16 17:12
570991,7172.46,Active,08/22/16 16:39
567946,66828.87,Active,08/15/16 22:42
567819,6420.68,Active,08/15/16 16:39
567817,855.23,Active,08/15/16 16:38
567816,14406.37,Active,08/15/16 16:38
564690,3395.96,Preserved,08/09/16 10:19
564562,31890.69,Active,08/08/16 22:15
564224,206.80,Preserved,08/08/16 16:29
561834,7822.45,Active,08/03/16 14:37
561285,5124.16,Active,08/02/16 20:02
561038,33881.73,Active,08/02/16 15:26
560814,5783.93,Active,08/02/16 11:47
560588,3933.52,Preserved,08/01/16 20:28
560246,563.23,Active,08/01/16 16:03
556580,43207.10,Active,07/25/16 16:50
556549,31040.49,Active,07/25/16 16:34
556548,18942.69,Active,07/25/16 16:33
553343,5084.58,Active,07/19/16 21:57
551922,22207.05,Active,07/18/16 16:35
551920,8063.80,Active,07/18/16 16:33
551216,2526.91,Preserved,07/15/16 17:15
549720,87316.61,Active,07/13/16 18:28
549633,9905.48,Active,07/13/16 16:17
548281,7521.34,Active,07/11/16 18:11
548183,6051.89,Active,07/11/16 17:20
547666,18982.50,Active,07/08/16 21:45
545205,1383.79,Active,07/05/16 20:46
545092,7842.04,Preserved,07/05/16 16:34
545045,11669.26,Active,07/05/16 15:21
544381,19869.41,Active,07/05/16 11:47
541686,13335.87,Active,06/28/16 15:44
541284,5680.42,Active,06/27/16 20:55
539051,72909.34,Active,06/22/16 16:14
536548,29176.11,Active,06/20/16 17:17
536537,42880.68,Active,06/20/16 16:56
536416,13414.42,Active,06/20/16 16:32
535032,17125.25,Active,06/16/16 20:25
534960,1421.14,Active,06/16/16 18:12
529474,20007.89,Active,06/13/16 17:50
528544,5432.32,Active,06/10/16 23:25
523982,37644.08,Active,06/06/16 20:14
523831,12684.77,Preserved,06/06/16 17:25
523801,61267.23,Active,06/06/16 16:44
523560,26317.10,Preserved,06/06/16 13:59
522669,3514.44,Preserved,06/03/16 18:48
522633,6698.65,Active,06/03/16 18:36
522609,8984.39,Active,06/03/16 18:24
522597,4902.70,Preserved,06/03/16 18:14
521296,53918.57,Preserved,06/03/16 13:27
520159,76372.38,Preserved,06/01/16 18:10
520153,38107.26,Active,06/01/16 18:04
519339,155738.63,Active,05/31/16 17:13
519311,10392.90,Active,05/31/16 16:36
519310,6494.36,Active,05/31/16 16:36
518577,65243.53,Active,05/27/16 23:44
517922,9986.78,Active,05/26/16 19:52
516302,3285.25,Active,05/25/16 22:43
516060,51750.23,Active,05/25/16 16:26
515261,9167.76,Active,05/24/16 21:21
514445,637.75,Preserved,05/24/16 18:18
514416,25521.61,Active,05/24/16 17:42
512229,39886.79,Preserved,05/23/16 16:44
512222,4887.72,Preserved,05/23/16 16:40
511411,82408.52,Active,05/20/16 22:29
511357,19367.18,Active,05/20/16 20:22
506883,22261.13,Preserved,05/19/16 18:44
482642,1316.05,Active,05/18/16 19:02
477806,10798.96,Active,05/16/16 16:42
477048,12372.02,Active,05/13/16 20:30
476785,6641.19,Active,05/13/16 13:56
475572,3337.53,Preserved,05/11/16 17:46
475548,18064.95,Active,05/11/16 16:38
474993,60092.96,Active,05/10/16 19:58
474729,8226.65,Active,05/10/16 15:03
473757,21175.88,Active,05/09/16 20:32
473661,135583.68,Active,05/09/16 18:04
473636,8858.56,Active,05/09/16 17:04
473626,12893.24,Active,05/09/16 16:54
473622,3751.02,Active,05/09/16 16:47
473107,101624.08,Active,05/08/16 21:50
472997,21002.87,Active,05/06/16 21:28
472401,8816.33,Active,05/05/16 19:41
471307,14416.86,Active,05/04/16 19:06
468990,5482.68,Active,05/03/16 16:08
468943,12337.31,Preserved,05/03/16 14:30
468418,27142.28,Preserved,05/03/16 08:15
468395,687.81,Preserved,05/03/16 06:42
468066,14214.99,Active,05/02/16 14:02
467942,44177.20,Active,05/02/16 05:59
466486,21324.09,Preserved,04/27/16 22:14
466342,25560.80,Active,04/27/16 18:49
465963,5024.85,Active,04/27/16 03:57
465465,4814.49,Active,04/26/16 10:31
465262,12726.15,Active,04/25/16 19:47
463211,8281.10,Active,04/25/16 17:41
458645,26869.77,Active,04/19/16 04:51
456247,33091.51,Preserved,04/14/16 21:09
455850,59719.27,Active,04/14/16 12:47
452896,11169.69,Active,04/08/16 23:01
451514,23380.45,Preserved,04/07/16 18:59
450468,21658.29,Active,04/06/16 17:23
448641,29336.82,Active,04/05/16 16:20
448278,37485.07,Active,04/04/16 22:16
448053,35098.48,Active,04/04/16 16:59
448051,7176.47,Active,04/04/16 16:59
448049,3262.73,Preserved,04/04/16 16:59
446867,7847.58,Active,03/31/16 16:44
445492,7273.11,Active,03/30/16 13:59
444931,19083.10,Active,03/29/16 15:19
444676,5629.43,Active,03/29/16 10:03
444327,2756.79,Active,03/28/16 16:42
443970,4449.95,Active,03/26/16 18:02
442692,1367.00,Active,03/23/16 19:57
441758,36730.39,Active,03/22/16 15:07
441390,22722.12,Active,03/21/16 18:51
439534,3038.67,Active,03/17/16 17:19
438330,5970.33,Preserved,03/15/16 19:49
437558,70974.62,Active,03/14/16 17:09
437140,90605.24,Preserved,03/13/16 23:41
435182,17249.77,Active,03/09/16 19:18
433643,28767.75,Active,03/07/16 23:54
431250,18773.42,Active,03/04/16 21:52
427938,6255.55,Active,03/01/16 20:36
427541,10017.02,Active,03/01/16 16:20
426871,17019.06,Active,02/29/16 23:15
426836,10626.12,Active,02/29/16 21:56
426488,4338.43,Preserved,02/29/16 17:04
426487,10649.00,Active,02/29/16 17:04
426452,6487.61,Active,02/29/16 16:05
426409,2303.58,Active,02/29/16 14:57
426065,175420.67,Active,02/28/16 18:06
425326,7419.89,Active,02/25/16 22:47
425066,3327.99,Active,02/25/16 17:25
425033,33319.23,Active,02/25/16 16:47
424985,7437.75,Active,02/25/16 16:05
424983,3236.78,Active,02/25/16 16:03
424906,38028.33,Active,02/25/16 14:49
424892,5904.56,Active,02/25/16 14:36
424792,4925.63,Active,02/25/16 13:01
424601,29336.78,Active,02/25/16 08:01
424598,532.36,Active,02/25/16 07:49
424588,36062.68,Active,02/25/16 07:12
424580,25847.57,Active,02/25/16 07:04
424570,21748.42,Active,02/25/16 07:01
424554,41298.49,Active,02/25/16 06:02
424540,91921.40,Active,02/25/16 04:41
424401,8030.97,Active,02/24/16 23:33
423983,6603.36,Active,02/24/16 19:07
423343,9363.04,Active,02/24/16 00:04
423288,5349.60,Active,02/23/16 23:59
423284,87006.60,Active,02/23/16 23:33
423262,5557.51,Active,02/23/16 22:46
423021,3423.70,Preserved,02/23/16 19:48
423016,10364.20,Active,02/23/16 19:43
422033,7300.02,Active,02/23/16 05:49
421646,62417.79,Active,02/22/16 19:20
420057,5493.54,Active,02/19/16 14:30
418884,24685.08,Active,02/18/16 14:26
418688,4732.13,Active,02/18/16 04:52
418223,633.67,Active,02/17/16 14:13
418081,4970.94,Preserved,02/17/16 05:16
418070,2890.79,Active,02/17/16 04:00
418005,6668.12,Active,02/16/16 22:56
417993,17086.80,Active,02/16/16 22:23
416966,5913.92,Active,02/16/16 04:55
416958,11409.50,Active,02/16/16 04:54
416691,3364.54,Preserved,02/15/16 16:44
414848,4382.23,Active,02/10/16 23:06
410222,41608.48,Active,02/04/16 17:13
408420,601.77,Preserved,02/02/16 15:16
407644,15364.70,Active,02/01/16 17:03
407223,21232.76,Active,01/30/16 17:23
406398,4089.98,Active,01/28/16 18:44
404406,69034.38,Active,01/25/16 19:39
404129,3813.39,Preserved,01/25/16 16:09
404104,5101.69,Active,01/25/16 15:39
403784,120.45,Active,01/24/16 18:24
403615,4399.01,Active,01/23/16 00:14
402379,52540.88,Active,01/22/16 18:34
401034,13316.38,Active,01/21/16 22:52
399306,5903.22,Active,01/20/16 01:02
398549,19067.02,Active,01/19/16 15:32
395686,6628.31,Active,01/13/16 16:10
394145,3855.93,Active,01/11/16 22:41
393874,303.74,Active,01/11/16 18:18
393794,3992.31,Preserved,01/11/16 16:53
391800,6787.70,Active,01/06/16 18:54
390043,73.40,Active,01/04/16 22:26
388446,6739.87,Active,12/29/15 14:22
385997,5884.82,Active,12/23/15 17:41
385651,152006.17,Active,12/22/15 18:22
385312,8326.03,Active,12/22/15 05:02
384557,7010.71,Active,12/21/15 18:56
383637,62864.86,Active,12/17/15 21:43
383098,9890.14,Active,12/16/15 22:09
382992,10791.95,Active,12/16/15 18:05
382682,13701.05,Active,12/16/15 01:13
382115,13515.87,Active,12/14/15 20:08
382003,5563.53,Preserved,12/14/15 16:46
381744,102.91,Preserved,12/13/15 22:17
379356,6141.31,Active,12/08/15 21:02
379345,21472.24,Active,12/08/15 20:34
379273,23623.47,Active,12/08/15 20:02
379221,49658.80,Active,12/08/15 18:54
377662,34210.32,Active,12/07/15 20:26
373429,18548.26,Active,11/25/15 21:38
371563,38556.63,Active,11/23/15 17:18
371545,7082.33,Active,11/23/15 16:42
371543,9574.53,Active,11/23/15 16:40
368251,7676.62,Preserved,11/16/15 19:20
361363,28479.26,Active,11/03/15 18:35
360972,11648.93,Active,11/02/15 19:16
360021,24898.99,Preserved,10/30/15 14:54
359180,4969.61,Preserved,10/29/15 17:07
357366,15502.85,Active,10/27/15 14:12
357129,332787.31,Active,10/27/15 00:06
356977,2967.79,Preserved,10/26/15 19:39
352823,35238.75,Active,10/19/15 16:52
352191,22120.41,Active,10/16/15 17:32
351822,8409.28,Preserved,10/15/15 23:24
350311,16872.85,Preserved,10/14/15 18:42
349973,47270.07,Active,10/13/15 22:51
349456,3379.82,Preserved,10/12/15 23:38
347146,5628.22,Active,10/08/15 22:19
345812,1982.59,Preserved,10/06/15 16:27
333138,52104.57,Active,09/22/15 15:23
329419,55808.98,Active,09/17/15 00:09
329199,164771.84,Active,09/16/15 16:58
328332,34714.22,Active,09/14/15 17:03
328323,17892.84,Preserved,09/14/15 16:28
328319,24680.42,Active,09/14/15 16:26
328318,23582.91,Active,09/14/15 16:26
327988,20926.20,Active,09/11/15 17:50
327985,195398.24,Active,09/11/15 17:46
326586,1867.48,Preserved,09/08/15 15:40
326481,8515.33,Active,09/08/15 13:45
325691,54915.94,Active,09/03/15 23:17
324910,14026.68,Active,09/03/15 15:09
324732,205894.92,Active,09/02/15 22:51
324512,1026.22,Active,09/02/15 17:09
324095,12656.00,Active,09/01/15 22:59
321842,25895.22,Active,08/26/15 23:35
320773,3067.13,Active,08/24/15 16:30
320745,1919.69,Active,08/24/15 15:35
319844,108.41,Active,08/20/15 13:21
319507,7081.44,Active,08/19/15 16:09
319387,14623.69,Active,08/19/15 12:36
318766,33549.15,Active,08/18/15 18:44
318022,7758.74,Active,08/17/15 16:13
316074,4085.16,Active,08/13/15 16:12
315543,22409.61,Active,08/11/15 22:27
315355,4805.98,Active,08/11/15 15:01
314753,34014.33,Active,08/10/15 16:44
314744,10115.39,Active,08/10/15 16:29
309010,9901.75,Active,08/06/15 13:18
308228,134575.84,Active,08/05/15 19:34
307446,14314.71,Active,08/04/15 23:45
307184,43798.06,Active,08/04/15 16:26
307004,7270.57,Active,08/03/15 21:15
306947,94121.63,Active,08/03/15 19:09
306169,6943.47,Preserved,07/30/15 21:19
305454,36979.38,Active,07/29/15 16:56
304403,89141.06,Preserved,07/27/15 17:02
304384,112281.71,Active,07/27/15 16:03
304383,28299.41,Active,07/27/15 15:57
303714,30462.64,Active,07/23/15 19:44
303712,47333.56,Active,07/23/15 19:41
303479,33108.99,Active,07/23/15 06:34
303439,58508.33,Active,07/23/15 01:21
303434,21603.41,Active,07/23/15 00:34
303373,120951.64,Active,07/22/15 19:55
303333,4329.77,Preserved,07/22/15 17:07
303025,4516.66,Preserved,07/21/15 20:11
302562,49591.97,Active,07/20/15 19:31
302469,120359.74,Active,07/20/15 16:04
302044,24955.04,Active,07/17/15 16:12
301426,4005.05,Active,07/15/15 20:04
298853,8561.36,Active,07/13/15 13:56
297402,76545.52,Active,07/09/15 20:21
293516,17936.72,Active,07/09/15 15:13
293275,5070.56,Active,07/08/15 22:52
292619,4351.94,Preserved,07/07/15 19:10
292279,180797.02,Active,07/06/15 21:31
289695,5724.30,Active,06/30/15 13:46
289690,15196.21,Active,06/30/15 13:25
288150,114060.28,Preserved,06/25/15 22:48
287329,12522.24,Active,06/23/15 18:20
286063,14750.83,Preserved,06/19/15 16:59
286009,17085.48,Active,06/19/15 14:15
284704,5245.63,Preserved,06/16/15 22:07
284703,153106.49,Active,06/16/15 22:06
284678,20318.23,Preserved,06/16/15 20:51
284209,42717.94,Active,06/15/15 21:45
283748,37177.14,Active,06/13/15 05:56
282801,6743.78,Active,06/10/15 20:13
281996,25702.11,Active,06/09/15 13:19
281759,3255.27,Preserved,06/08/15 18:59
280657,21814.72,Active,06/04/15 17:24
280639,34751.37,Preserved,06/04/15 16:23
279582,100528.44,Active,06/03/15 17:37
279571,165897.45,Active,06/03/15 17:06
278742,22054.02,Active,06/01/15 22:19
278714,9388.78,Active,06/01/15 20:11
275455,17794.72,Preserved,05/29/15 16:26
273895,19221.06,Active,05/26/15 15:52
273233,13935.20,Active,05/22/15 15:22
271897,40961.01,Active,05/19/15 20:48
271762,14947.81,Active,05/19/15 15:35
271541,13561.62,Preserved,05/18/15 22:22
270878,12328.07,Active,05/15/15 13:40
270751,37720.14,Active,05/14/15 22:31
270748,17997.49,Active,05/14/15 22:19
270605,358.71,Active,05/14/15 15:20
270020,3668.57,Active,05/13/15 15:00
269633,7647.62,Preserved,05/12/15 16:01
269261,11465.80,Active,05/11/15 23:11
269217,150647.37,Preserved,05/11/15 21:29
269200,18953.17,Active,05/11/15 20:10
269109,6508.25,Preserved,05/11/15 16:52
269064,104110.55,Active,05/11/15 15:27
268765,2599.33,Active,05/08/15 23:38
268732,102429.46,Active,05/08/15 20:11
268602,50743.73,Active,05/08/15 13:52
268475,9040.22,Active,05/08/15 06:31
268281,24047.93,Active,05/07/15 15:55
268242,6621.97,Active,05/07/15 14:02
267717,24106.18,Active,05/06/15 19:13
267502,3334.95,Preserved,05/06/15 17:05
267484,133125.96,Preserved,05/06/15 16:30
267457,101157.83,Preserved,05/06/15 15:16
267427,5659.73,Active,05/06/15 14:07
267112,6626.00,Active,05/05/15 23:52
266546,4490.08,Active,05/04/15 18:39
266500,42355.04,Preserved,05/04/15 17:35
265991,6939.74,Active,05/01/15 21:16
265940,25410.22,Active,05/01/15 18:12
265908,18380.35,Preserved,05/01/15 16:24
265832,116370.88,Active,05/01/15 14:07
265607,30032.88,Active,04/30/15 18:08
265594,69536.00,Preserved,04/30/15 17:41
261752,13885.94,Active,04/28/15 21:37
254715,22166.33,Preserved,04/24/15 18:26
254652,179.01,Active,04/24/15 14:14
252610,7595.34,Active,04/21/15 14:11
252270,47480.13,Active,04/20/15 18:55
250915,1550.30,Active,04/16/15 15:33
250576,2434.62,Preserved,04/15/15 19:23
250497,41304.52,Active,04/15/15 16:09
250030,159704.44,Active,04/14/15 17:12
249791,19003.93,Preserved,04/14/15 00:24
249573,44221.76,Active,04/13/15 16:52
249565,107090.84,Active,04/13/15 16:27
249504,1212.47,Preserved,04/13/15 14:21
249488,18683.65,Active,04/13/15 13:40
249329,3418.74,Active,04/12/15 19:48
249247,12718.12,Active,04/11/15 00:50
249241,7612.82,Active,04/11/15 00:05
249237,7835.12,Active,04/10/15 23:27
249235,17349.85,Active,04/10/15 22:57
249145,2660.54,Active,04/10/15 16:59
249093,6713.57,Active,04/10/15 12:43
248448,6203.54,Active,04/09/15 16:34
248160,25688.81,Preserved,04/08/15 21:44
248159,28454.19,Preserved,04/08/15 21:43
248008,93024.55,Active,04/08/15 16:40
247989,7920.92,Active,04/08/15 15:58
247988,10524.98,Active,04/08/15 15:58
247984,24598.15,Active,04/08/15 15:52
247962,8133.44,Active,04/08/15 14:57
247953,54629.71,Active,04/08/15 14:42
247679,31305.66,Active,04/08/15 00:28
247678,148616.60,Active,04/08/15 00:23
247673,12325.33,Active,04/07/15 23:55
247671,17159.37,Preserved,04/07/15 23:47
247667,17031.37,Active,04/07/15 22:48
247468,17512.28,Active,04/07/15 16:50
247465,15960.47,Active,04/07/15 16:38
247400,14572.71,Active,04/07/15 15:59
246819,156313.65,Preserved,04/06/15 19:05
246495,6064.96,Active,04/06/15 17:09
246457,14933.90,Active,04/06/15 15:26
246226,14193.37,Active,04/03/15 22:36
246225,34940.46,Active,04/03/15 22:14
246074,7647.87,Active,04/03/15 14:26
245938,16315.04,Active,04/03/15 00:30
245956,26565.29,Active,04/03/15 00:30
245929,21014.93,Active,04/03/15 00:30
245934,4428.59,Active,04/03/15 00:30
245897,39609.50,Active,04/03/15 00:30
245899,12708.13,Active,04/03/15 00:30
245903,32911.02,Active,04/03/15 00:30
245911,8246.13,Preserved,04/03/15 00:30
245873,6299.82,Active,04/03/15 00:30
245875,7231.27,Active,04/03/15 00:30
245879,12913.26,Active,04/03/15 00:30
245882,4653.04,Active,04/03/15 00:30
245888,12457.94,Active,04/03/15 00:30
245855,22994.28,Preserved,04/03/15 00:30
245858,1402.64,Active,04/03/15 00:30
245859,17436.69,Active,04/03/15 00:30
245872,4597.56,Active,04/03/15 00:30
245835,28287.57,Preserved,04/03/15 00:30
245823,25710.42,Active,04/03/15 00:30
245795,17522.05,Active,04/03/15 00:30
245798,21638.92,Active,04/03/15 00:30
245799,15141.88,Active,04/03/15 00:30
245773,74026.47,Active,04/03/15 00:30
245790,8854.13,Active,04/03/15 00:30
245792,13948.93,Preserved,04/03/15 00:30
245765,67918.65,Active,04/03/15 00:30
245756,35537.36,Active,04/03/15 00:30
245758,27714.78,Active,04/03/15 00:30
245733,17042.78,Active,04/03/15 00:30
245735,132939.62,Preserved,04/03/15 00:30
245738,28172.26,Active,04/03/15 00:30
245743,10376.32,Active,04/03/15 00:30
245721,17700.09,Active,04/03/15 00:30
245727,56984.42,Active,04/03/15 00:30
245706,110623.56,Active,04/03/15 00:30
245707,20577.35,Active,04/03/15 00:30
245713,20723.58,Active,04/03/15 00:30
245714,3400.98,Active,04/03/15 00:30
245682,30023.76,Active,04/03/15 00:30
245690,13619.39,Active,04/03/15 00:30
245670,44206.52,Active,04/03/15 00:30
245675,19082.39,Active,04/03/15 00:30
245641,52853.10,Active,04/03/15 00:30
245652,4265.27,Preserved,04/03/15 00:30
245658,48925.98,Active,04/03/15 00:30
245620,21557.67,Active,04/03/15 00:30
245624,9247.31,Active,04/03/15 00:30
245635,28778.72,Active,04/03/15 00:30
245637,12050.95,Active,04/03/15 00:30
245638,12139.11,Active,04/03/15 00:30
245596,10009.28,Active,04/03/15 00:30
245603,51799.43,Active,04/03/15 00:30
245607,10428.59,Active,04/03/15 00:30
245611,5632.31,Active,04/03/15 00:30
245612,23859.80,Active,04/03/15 00:30
245587,10664.69,Preserved,04/03/15 00:30
245595,1041.69,Active,04/03/15 00:30
245561,24393.23,Active,04/03/15 00:30
245562,537214.57,Active,04/03/15 00:30
245571,19322.52,Active,04/03/15 00:30
245543,12948.46,Preserved,04/03/15 00:30
245546,127675.70,Active,04/03/15 00:30
245550,72510.39,Preserved,04/03/15 00:30
245557,11101.44,Active,04/03/15 00:30
245559,6679.69,Active,04/03/15 00:30
245560,15307.23,Active,04/03/15 00:30
245519,10164.25,Preserved,04/03/15 00:30
245520,60707.59,Active,04/03/15 00:30
245526,18334.85,Active,04/03/15 00:30
245505,30947.24,Active,04/03/15 00:30
245514,160829.52,Active,04/03/15 00:30
245497,14226.54,Active,04/03/15 00:30
245498,34897.07,Active,04/03/15 00:30
245483,45430.34,Preserved,04/03/15 00:30
245485,7629.23,Active,04/03/15 00:30
245493,7219.00,Active,04/03/15 00:30
245494,31650.34,Preserved,04/03/15 00:30
245461,15568.01,Active,04/03/15 00:30
245464,53329.70,Active,04/03/15 00:30
245466,10813.67,Active,04/03/15 00:30
245470,40443.32,Active,04/03/15 00:30
245471,40954.22,Active,04/03/15 00:30
245474,5194.29,Active,04/03/15 00:30
245436,19492.53,Active,04/03/15 00:30
245440,21978.06,Active,04/03/15 00:30
245451,20533.57,Active,04/03/15 00:30
245453,151.30,Preserved,04/03/15 00:30
245416,60401.37,Active,04/03/15 00:30
245426,37066.52,Active,04/03/15 00:30
245433,11178.27,Active,04/03/15 00:30
245385,16174.47,Active,04/03/15 00:30
245393,81112.00,Preserved,04/03/15 00:30
245407,7363.95,Active,04/03/15 00:30
245361,4086.43,Preserved,04/03/15 00:30
245362,24801.29,Active,04/03/15 00:30
245363,3595.64,Active,04/03/15 00:30
245369,12388.97,Active,04/03/15 00:30
245343,7763.99,Active,04/03/15 00:30
245344,252.23,Active,04/03/15 00:30
245354,1499.42,Active,04/03/15 00:30
245356,5523.89,Active,04/03/15 00:30
245320,7320.21,Active,04/03/15 00:30
245326,4651.29,Active,04/03/15 00:30
245292,7121.54,Active,04/03/15 00:30
245293,43402.08,Active,04/03/15 00:30
245294,70252.98,Active,04/03/15 00:30
245306,15888.17,Active,04/03/15 00:30
245307,11052.25,Active,04/03/15 00:30
245267,178.43,Preserved,04/03/15 00:30
245272,69837.26,Active,04/03/15 00:30
245227,1098.48,Active,04/03/15 00:30
245231,68394.82,Active,04/03/15 00:30
245236,52548.88,Active,04/03/15 00:30
245211,16191.65,Active,04/03/15 00:30
245152,23848.01,Preserved,04/03/15 00:30
244961,801.20,Active,04/02/15 19:00
244877,63832.87,Preserved,04/02/15 15:20
244546,3814.72,Active,04/01/15 17:04
244539,27626.48,Active,04/01/15 16:36
244440,53079.42,Active,04/01/15 12:05
244427,8653.56,Active,04/01/15 11:01
243427,4813.34,Active,03/31/15 20:15
243373,1591.09,Active,03/31/15 18:27
243296,13217.12,Active,03/31/15 16:00
243200,25290.62,Active,03/31/15 13:47
242993,29349.80,Active,03/30/15 21:39
242987,36324.22,Active,03/30/15 21:30
242921,40215.25,Active,03/30/15 17:37
242891,4297.20,Active,03/30/15 16:15
242890,12353.15,Active,03/30/15 16:06
242888,15178.65,Active,03/30/15 15:57
242884,4285.87,Preserved,03/30/15 15:49
242691,44831.27,Active,03/30/15 04:57
242628,20022.76,Active,03/28/15 18:03
242453,19328.20,Active,03/27/15 17:56
242390,18452.35,Active,03/27/15 15:50
242372,31411.40,Active,03/27/15 14:33
242371,16933.34,Active,03/27/15 14:33
242335,58892.94,Active,03/27/15 14:18
242091,1998.55,Preserved,03/26/15 21:55
242034,34284.96,Active,03/26/15 19:29
241860,29522.19,Active,03/26/15 15:57
241839,4441.15,Active,03/26/15 15:24
241660,7205.05,Active,03/25/15 22:51
241596,3091.39,Active,03/25/15 20:52
241583,10832.19,Active,03/25/15 19:48
241575,17548.49,Active,03/25/15 19:06
241506,69618.83,Active,03/25/15 17:56
241480,13023.60,Active,03/25/15 16:45
241420,21194.44,Active,03/25/15 15:41
241415,1928.21,Active,03/25/15 15:31
241246,6351.12,Active,03/25/15 01:33
241244,52460.40,Active,03/25/15 01:25
241009,29390.43,Active,03/24/15 18:44
240989,4204.03,Active,03/24/15 17:28
240960,16800.60,Active,03/24/15 16:30
240952,11392.87,Active,03/24/15 16:02
240945,8558.31,Active,03/24/15 15:50
240931,16741.61,Active,03/24/15 15:27
240922,23126.33,Active,03/24/15 14:57
240918,10668.74,Preserved,03/24/15 14:49
240916,33088.26,Preserved,03/24/15 14:49
240848,16754.23,Active,03/24/15 12:41
240846,22096.83,Active,03/24/15 12:36
240831,44988.78,Active,03/24/15 12:01
240654,32030.72,Preserved,03/23/15 20:48
240610,5611.50,Active,03/23/15 18:02
240608,33444.06,Active,03/23/15 17:55
240597,7214.15,Active,03/23/15 17:28
240595,7834.56,Active,03/23/15 17:26
240592,18238.55,Preserved,03/23/15 17:11
240576,23467.23,Active,03/23/15 16:33
240560,33520.80,Active,03/23/15 16:06
240554,35287.86,Active,03/23/15 15:52
240553,3317.89,Active,03/23/15 15:52
240549,61063.60,Active,03/23/15 15:48
240542,17580.41,Active,03/23/15 15:44
240535,13724.24,Active,03/23/15 15:15
240529,14786.04,Active,03/23/15 15:08
240511,9574.65,Active,03/23/15 14:35
240505,43031.46,Active,03/23/15 14:17
240487,12691.19,Preserved,03/23/15 13:38
240474,11067.84,Active,03/23/15 12:54
240462,17976.22,Active,03/23/15 12:24
240388,16979.50,Active,03/23/15 06:47
240320,4424.12,Active,03/21/15 22:46
240318,65532.60,Active,03/21/15 21:45
240314,4786.70,Active,03/21/15 15:17
240240,33483.88,Preserved,03/20/15 22:21
240234,7926.83,Active,03/20/15 22:02
240209,52991.34,Active,03/20/15 20:40
240207,3956.70,Active,03/20/15 20:28
240184,152349.27,Active,03/20/15 18:41
240170,7538.19,Active,03/20/15 17:46
240031,78377.38,Preserved,03/20/15 16:59
240023,12391.88,Active,03/20/15 16:38
240007,63610.84,Active,03/20/15 16:02
239993,33084.15,Active,03/20/15 15:30
239990,6141.27,Active,03/20/15 15:20
239973,53956.64,Active,03/20/15 14:34
239969,8986.92,Preserved,03/20/15 14:22
239968,18137.73,Active,03/20/15 14:18
239967,90662.70,Preserved,03/20/15 14:16
239942,74240.29,Active,03/20/15 13:04
239879,196884.39,Preserved,03/20/15 09:49
239758,6381.54,Active,03/20/15 08:08
239645,125522.72,Active,03/20/15 00:10
239524,15646.39,Active,03/19/15 20:52
239438,7019.10,Active,03/19/15 18:43
239362,49597.33,Active,03/19/15 16:34
239353,7235.30,Active,03/19/15 16:17
239123,10638.79,Active,03/19/15 15:26
239094,10764.63,Active,03/19/15 14:30
239076,24085.15,Preserved,03/19/15 13:58
239053,16342.56,Active,03/19/15 12:56
239044,6011.45,Active,03/19/15 12:38
239015,10420.26,Preserved,03/19/15 10:15
238921,10172.14,Active,03/19/15 00:38
238889,13050.67,Active,03/18/15 22:21
238885,17656.72,Active,03/18/15 21:51
238883,12321.70,Active,03/18/15 21:48
238879,87356.11,Active,03/18/15 21:38
238861,17706.29,Active,03/18/15 20:55
238839,44570.81,Active,03/18/15 20:27
238800,4102.96,Active,03/18/15 19:19
238796,25484.46,Active,03/18/15 19:15
238787,6497.31,Active,03/18/15 19:01
238756,35347.60,Preserved,03/18/15 18:09
238754,6865.57,Active,03/18/15 17:55
238749,38184.91,Preserved,03/18/15 17:35
238742,7911.31,Active,03/18/15 17:15
238739,29928.90,Preserved,03/18/15 17:09
238738,7825.15,Active,03/18/15 17:08
238693,4986.22,Active,03/18/15 16:07
238683,2204.52,Active,03/18/15 15:53
238678,3365.06,Preserved,03/18/15 15:44
238665,289.57,Active,03/18/15 15:23
238659,19339.57,Active,03/18/15 15:09
238658,23317.43,Preserved,03/18/15 15:08
238657,114110.31,Active,03/18/15 15:07
238655,10445.59,Active,03/18/15 15:06
238625,16641.87,Active,03/18/15 13:51
238619,6312.89,Active,03/18/15 13:34
238607,67218.99,Preserved,03/18/15 13:26
238558,27874.21,Preserved,03/18/15 11:12
238476,29148.60,Active,03/18/15 05:04
238475,56120.65,Active,03/18/15 05:01
238467,14727.05,Active,03/18/15 01:24
238452,7942.49,Active,03/17/15 23:47
238449,6003.76,Active,03/17/15 23:19
238441,166005.73,Active,03/17/15 22:12
238432,75706.65,Active,03/17/15 21:52
238423,8810.21,Active,03/17/15 21:38
238408,23051.88,Active,03/17/15 20:49
238397,51943.39,Preserved,03/17/15 20:38
238395,21742.29,Preserved,03/17/15 20:35
238302,19227.12,Preserved,03/17/15 17:55
238297,17095.60,Active,03/17/15 17:49
238260,9934.09,Preserved,03/17/15 17:10
238246,46222.14,Active,03/17/15 16:49
238242,4334.24,Active,03/17/15 16:45
238238,4277.58,Preserved,03/17/15 16:37
238236,3790.85,Active,03/17/15 16:34
238229,223760.91,Active,03/17/15 16:28
238225,51675.12,Active,03/17/15 16:27
238222,12116.32,Active,03/17/15 16:24
238219,25023.48,Active,03/17/15 16:22
238210,8958.40,Active,03/17/15 16:11
238207,10090.14,Preserved,03/17/15 16:08
238197,8852.98,Active,03/17/15 16:02
238194,55534.67,Active,03/17/15 16:00
238189,41553.89,Active,03/17/15 15:58
238183,18758.02,Active,03/17/15 15:52
238172,4358.96,Active,03/17/15 15:46
238164,3197.49,Active,03/17/15 15:36
238162,32807.92,Active,03/17/15 15:34
238155,4598.18,Active,03/17/15 15:13
238146,6614.53,Active,03/17/15 15:06
238145,14925.89,Active,03/17/15 15:06
238141,8028.67,Preserved,03/17/15 15:03
238135,136409.13,Active,03/17/15 14:59
238126,7127.04,Active,03/17/15 14:54
238125,16033.35,Active,03/17/15 14:52
238120,16147.33,Active,03/17/15 14:48
238115,8223.15,Active,03/17/15 14:36
238114,603304.48,Active,03/17/15 14:30
238100,6377.62,Active,03/17/15 14:02
238093,4592.98,Preserved,03/17/15 13:53
238062,7840.38,Active,03/17/15 13:22
238061,19291.80,Active,03/17/15 13:22
238025,6009.97,Active,03/17/15 12:15
238015,8586.71,Active,03/17/15 11:28
237975,39392.76,Active,03/17/15 08:09
237935,7413.47,Active,03/17/15 04:13
237918,11767.64,Preserved,03/17/15 01:17
237902,4704.71,Active,03/16/15 22:39
237890,1806.44,Active,03/16/15 21:37
237883,5888.26,Active,03/16/15 20:55
237867,404633.28,Active,03/16/15 20:41
237856,11543.27,Active,03/16/15 20:15
237851,36895.05,Active,03/16/15 20:03
237836,5046.07,Active,03/16/15 19:48
237823,11356.47,Active,03/16/15 19:37
237805,33985.51,Active,03/16/15 18:40
237799,6305.77,Active,03/16/15 18:25
237796,7680.07,Preserved,03/16/15 17:56
237794,10379.39,Active,03/16/15 17:51
237793,5389.97,Active,03/16/15 17:50
237787,7544.55,Active,03/16/15 17:33
237781,11659.76,Active,03/16/15 17:12
237774,9379.90,Active,03/16/15 16:54
237770,13808.84,Preserved,03/16/15 16:51
237765,5185.09,Active,03/16/15 16:37
237763,11818.42,Active,03/16/15 16:31
237743,12566.77,Active,03/16/15 16:20
237738,6236.91,Active,03/16/15 16:14
237724,93016.24,Active,03/16/15 16:05
237720,32341.97,Active,03/16/15 16:00
237715,19186.74,Active,03/16/15 15:56
237706,24314.38,Active,03/16/15 15:49
237705,3844.03,Active,03/16/15 15:45
237704,8230.58,Active,03/16/15 15:44
237703,10179.09,Active,03/16/15 15:43
237700,80236.31,Active,03/16/15 15:41
237697,18361.21,Active,03/16/15 15:37
237695,6975.02,Preserved,03/16/15 15:36
237691,5666.61,Preserved,03/16/15 15:32
237690,13814.48,Preserved,03/16/15 15:32
237683,11733.10,Active,03/16/15 15:23
237682,10082.80,Active,03/16/15 15:22
237679,3661.81,Active,03/16/15 15:21
237677,3604.62,Active,03/16/15 15:19
237676,13882.68,Active,03/16/15 15:18
237671,8765.36,Preserved,03/16/15 15:11
237670,5930.03,Active,03/16/15 15:09
237668,2964.51,Preserved,03/16/15 15:08
237666,21763.85,Active,03/16/15 15:04
237663,19235.81,Active,03/16/15 15:02
237662,13006.67,Active,03/16/15 15:01
237660,33764.05,Active,03/16/15 14:58
237659,19431.86,Active,03/16/15 14:58
237651,30817.48,Active,03/16/15 14:53
237650,19361.62,Active,03/16/15 14:52
237648,44261.38,Active,03/16/15 14:49
237639,6846.76,Active,03/16/15 14:40
237636,65943.79,Active,03/16/15 14:39
237635,31732.99,Preserved,03/16/15 14:37
237634,8595.96,Preserved,03/16/15 14:37
237633,52830.62,Active,03/16/15 14:36
237630,28524.48,Preserved,03/16/15 14:30
237625,29806.98,Active,03/16/15 14:21
237620,10967.36,Active,03/16/15 14:07
237617,6580.07,Active,03/16/15 14:03
237616,2781.93,Preserved,03/16/15 14:01
237615,33287.88,Active,03/16/15 14:00
237613,23962.05,Active,03/16/15 13:55
237612,5323.81,Active,03/16/15 13:55
237611,6869.73,Active,03/16/15 13:55
237610,12281.72,Active,03/16/15 13:54
237609,5485.30,Preserved,03/16/15 13:51
237603,15678.65,Active,03/16/15 13:45
237602,34522.39,Active,03/16/15 13:45
237601,7035.13,Active,03/16/15 13:44
237598,12248.08,Active,03/16/15 13:33
237594,34359.49,Active,03/16/15 13:26
237591,1164.20,Active,03/16/15 13:22
237586,24282.89,Active,03/16/15 13:15
237587,44244.19,Preserved,03/16/15 13:15
237452,40761.14,Active,03/16/15 06:38
237442,3726.80,Active,03/16/15 05:26
237429,8034.66,Active,03/16/15 01:41
237419,40467.84,Preserved,03/16/15 00:18
237407,11399.89,Active,03/15/15 22:02
237405,19817.28,Active,03/15/15 20:54
237400,9400.24,Preserved,03/15/15 19:47
237359,11068.46,Preserved,03/15/15 17:04
237358,3615.05,Preserved,03/15/15 15:34
237355,5708.79,Preserved,03/15/15 13:29
237348,13243.78,Active,03/15/15 02:45
237345,4307.57,Preserved,03/14/15 22:34
237342,1432.58,Preserved,03/14/15 22:13
237341,60955.13,Active,03/14/15 20:36
237339,4309.78,Active,03/14/15 19:33
237338,9806.96,Active,03/14/15 18:01
237335,7626.21,Active,03/14/15 15:45
237332,26135.13,Active,03/14/15 14:58
237330,15606.16,Active,03/14/15 13:40
237329,4755.23,Preserved,03/14/15 13:33
237327,4761.22,Active,03/14/15 13:32
237326,10820.10,Preserved,03/14/15 12:59
237317,13950.80,Active,03/14/15 06:03
237316,12058.03,Active,03/14/15 06:02
237306,20834.51,Active,03/14/15 02:14
237305,5968.98,Active,03/14/15 01:48
237302,4961.26,Active,03/14/15 00:49
237300,61955.85,Active,03/14/15 00:32
237299,15027.76,Active,03/14/15 00:24
237298,4930.69,Active,03/14/15 00:17
237295,8749.40,Active,03/14/15 00:08
237290,9548.05,Preserved,03/13/15 23:48
237287,46980.39,Active,03/13/15 23:23
237278,5257.31,Active,03/13/15 23:04
237277,6846.75,Active,03/13/15 22:55
237275,117960.36,Active,03/13/15 22:47
237259,7851.90,Preserved,03/13/15 22:23
237254,14073.87,Active,03/13/15 22:21
237240,25384.86,Active,03/13/15 22:19
237239,45078.37,Active,03/13/15 22:19
237235,220.21,Preserved,03/13/15 22:18
237230,5263.23,Active,03/13/15 22:17
237226,1668.69,Preserved,03/13/15 22:17
237218,7002.40,Active,03/13/15 22:17
237212,64445.33,Active,03/13/15 22:15
237207,17341.39,Active,03/13/15 22:14
237199,245.24,Active,03/13/15 22:14
237198,8103.93,Active,03/13/15 22:14
237197,175644.07,Active,03/13/15 22:14
237188,105861.99,Active,03/13/15 22:13
237185,10300.43,Active,03/13/15 22:12
237177,2422.50,Active,03/13/15 22:11
237173,143497.58,Active,03/13/15 22:11
237167,38750.66,Active,03/13/15 22:10
237156,9424.35,Active,03/13/15 22:08
237153,38935.82,Active,03/13/15 22:08
237152,21345.27,Active,03/13/15 22:08
237145,21553.10,Active,03/13/15 22:05
237142,11260.94,Active,03/13/15 22:05
237138,11144.47,Preserved,03/13/15 22:04
237104,4933.88,Active,03/13/15 20:18
236806,431182.55,Active,03/12/15 18:12
236260,9044.99,Active,03/11/15 16:30
236257,26084.92,Active,03/11/15 16:17
235539,11849.02,Active,03/11/15 10:07
235429,14029.93,Active,03/10/15 22:32
235408,11601.17,Active,03/10/15 20:41
233467,5635.82,Active,03/04/15 15:42
233301,12216.11,Active,03/04/15 00:18
232898,256.28,Preserved,03/02/15 22:24
232891,7540.44,Active,03/02/15 22:02
232837,83400.27,Active,03/02/15 20:25
232764,6466.26,Active,03/02/15 16:39
206310,23620.90,Preserved,02/25/15 15:18
205879,91753.58,Active,02/24/15 15:55
205860,72855.70,Active,02/24/15 14:50
205013,100863.71,Active,02/19/15 17:23
204986,6541.69,Active,02/19/15 16:15
204738,45679.34,Active,02/18/15 20:13
203571,315.39,Active,02/13/15 22:52
203221,320743.64,Active,02/13/15 00:09
203218,8220.54,Active,02/12/15 23:49
203196,134151.85,Active,02/12/15 21:52
201995,8237.75,Active,02/10/15 05:58
201936,83211.86,Active,02/09/15 23:53
201856,11811.04,Active,02/09/15 20:00
200285,5572.65,Active,02/04/15 16:00
199602,7036.75,Active,02/02/15 22:52
199557,13530.89,Active,02/02/15 20:21
199209,11956.09,Active,01/30/15 19:42
199177,12660.05,Active,01/30/15 18:22
197472,155.41,Active,01/25/15 21:42
197404,253.78,Active,01/23/15 21:35
196965,12043.04,Preserved,01/23/15 16:26
196219,7648.51,Active,01/21/15 17:15
196140,12556.98,Active,01/21/15 13:07
196059,7657.39,Active,01/21/15 07:03
195044,33830.69,Active,01/16/15 22:32
195040,19277.73,Active,01/16/15 22:12
195035,3676.29,Active,01/16/15 21:38
193963,5265.10,Active,01/14/15 14:25
191392,19806.59,Active,01/08/15 16:26
190400,50547.43,Preserved,01/07/15 02:50
190215,1820.16,Active,01/06/15 16:58
190214,3456.50,Preserved,01/06/15 16:55
189930,21765.88,Active,01/05/15 23:07
189796,5801.80,Active,01/05/15 16:49
189767,167044.07,Active,01/05/15 16:13
188513,37230.02,Active,01/03/15 00:11
188301,3316.17,Active,12/31/14 17:29
188153,2128.36,Active,12/30/14 15:54
188151,203287.73,Active,12/30/14 15:33
187526,13016.31,Active,12/23/14 22:17
186750,4734.36,Active,12/22/14 20:27
186710,116276.43,Active,12/22/14 18:09
186162,65542.68,Active,12/19/14 02:02
185815,25431.26,Active,12/17/14 22:39
184997,7209.39,Active,12/15/14 20:23
184513,94407.19,Active,12/13/14 07:47
184349,4822.02,Active,12/12/14 18:06
184339,31459.51,Active,12/12/14 17:14
183441,8617.00,Preserved,12/10/14 23:37
183290,1899.76,Preserved,12/10/14 17:03
183282,259407.97,Active,12/10/14 16:28
183267,54284.85,Active,12/10/14 15:57
183252,14295.70,Active,12/10/14 15:23
183188,4389.10,Active,12/10/14 13:22
182990,21067.81,Active,12/10/14 01:43
182927,4578.51,Active,12/09/14 22:59
182926,64711.31,Active,12/09/14 22:51
182917,17172.85,Active,12/09/14 21:59
182835,76583.53,Active,12/09/14 20:00
182825,18544.63,Active,12/09/14 19:36
182804,28366.55,Active,12/09/14 19:07
182796,6166.49,Active,12/09/14 18:53
182790,33166.50,Active,12/09/14 18:51
180517,108650.20,Active,12/04/14 01:41
177636,17402.83,Active,11/24/14 19:41
177237,18226.33,Active,11/21/14 21:26
175059,72095.91,Active,11/17/14 19:15
169842,297796.28,Active,11/06/14 22:21
165273,12529.18,Active,11/04/14 23:58
165065,10576.82,Active,11/04/14 15:14
163741,28381.91,Active,10/31/14 22:17
163688,91955.49,Active,10/31/14 19:54
163684,51695.82,Active,10/31/14 19:49
163017,2392.27,Active,10/31/14 00:04
162992,43120.07,Active,10/30/14 21:45
162967,12508.19,Active,10/30/14 21:12
162913,83389.55,Active,10/30/14 18:45
162882,10304.58,Active,10/30/14 17:51
162381,21744.23,Preserved,10/29/14 16:16
162094,26759.66,Preserved,10/29/14 00:42
162031,35370.26,Active,10/28/14 18:12
161627,60171.96,Active,10/27/14 18:24
161498,179.73,Active,10/27/14 16:16
159405,11780.19,Active,10/23/14 17:53
158739,15460.92,Active,10/22/14 17:14
157535,26983.92,Active,10/21/14 00:35
157247,119669.91,Active,10/20/14 17:44
157246,8592.48,Active,10/20/14 17:43
156904,91598.66,Active,10/18/14 12:54
156893,18944.43,Active,10/18/14 04:37
156886,17360.67,Active,10/18/14 00:37
156479,17555.32,Active,10/17/14 19:01
156435,49110.65,Preserved,10/17/14 16:36
156433,3436.11,Active,10/17/14 16:31
156152,13780.87,Active,10/17/14 00:14
156149,5590.21,Active,10/16/14 23:44
156141,2525.06,Active,10/16/14 22:58
156140,1009.16,Active,10/16/14 22:41
156139,3464.25,Active,10/16/14 22:38
156138,9479.95,Active,10/16/14 22:38
155563,9514.70,Active,10/15/14 14:02
155137,8046.52,Active,10/14/14 16:41
155046,8175.17,Active,10/14/14 14:45
154836,39668.96,Active,10/13/14 20:31
154773,7380.79,Active,10/13/14 15:41
154753,26630.44,Active,10/13/14 14:45
154583,11534.75,Active,10/12/14 12:40
154478,42666.89,Active,10/10/14 20:15
154477,9856.46,Active,10/10/14 20:08
154425,1721.80,Active,10/10/14 17:15
154424,3540.58,Active,10/10/14 17:13
154353,9188.48,Active,10/10/14 13:34
152093,15084.33,Active,10/08/14 16:05
151767,8066.07,Active,10/07/14 15:42
151584,10455.98,Active,10/06/14 23:30
151583,30128.40,Active,10/06/14 23:29
151581,14817.71,Active,10/06/14 23:20
149543,16156.25,Active,09/30/14 21:45
149157,53453.86,Active,09/30/14 15:22
147933,19335.52,Active,09/29/14 14:55
146880,14698.59,Preserved,09/26/14 18:24
146877,2330.19,Active,09/26/14 18:11
146566,35115.99,Preserved,09/26/14 01:10
144236,942.00,Active,09/23/14 17:33
142917,1001.01,Active,09/18/14 21:34
142916,848.91,Active,09/18/14 21:32
134390,51297.91,Active,08/27/14 15:05
